,Unnamed: 0,SN,band,jd,mag,error,survey,normmag,trel
0,0,GW170817,r,57743.334,20.44,,Prompt5,3.3000000000000007,-239.71600000000035
1,1,GW170817,r,57790.358,21.39,,Prompt5,4.25,-192.69200000000274
2,2,GW170817,r,57791.323,21.34,,Prompt5,4.199999999999999,-191.72700000000623
3,3,GW170817,r,57792.326,21.26,,Prompt5,4.120000000000001,-190.72400000000198
4,4,GW170817,r,57793.335,21.1,,Prompt5,3.960000000000001,-189.71500000000378
5,5,GW170817,r,57794.324,20.58,,Prompt5,3.4399999999999977,-188.7260000000024
6,6,GW170817,r,57795.325,20.33,,Prompt5,3.1899999999999977,-187.72500000000582
7,7,GW170817,r,57796.256,19.9,,Prompt5,2.759999999999998,-186.7940000000017
8,8,GW170817,r,57797.247,20.16,,Prompt5,3.0199999999999996,-185.80299999999988
9,9,GW170817,r,57798.192,19.85,,Prompt5,2.710000000000001,-184.85800000000017
10,10,GW170817,r,57801.225,20.37,,Prompt5,3.2300000000000004,-181.82500000000437
11,11,GW170817,r,57803.328,20.83,,Prompt5,3.6899999999999977,-179.72200000000157
12,12,GW170817,r,57817.386,20.78,,Prompt5,3.6400000000000006,-165.6640000000043
13,13,GW170817,r,57818.28400000001,20.91,,Prompt5,3.7699999999999996,-164.76599999999598
14,14,GW170817,r,57819.272,20.9,,Prompt5,3.759999999999998,-163.7780000000057
15,15,GW170817,r,57822.095,19.97,,Prompt5,2.8299999999999983,-160.95500000000175
16,16,GW170817,r,57840.217,20.86,,Prompt5,3.719999999999999,-142.833000000006
17,17,GW170817,r,57841.22,21.03,,Prompt5,3.8900000000000006,-141.83000000000175
18,18,GW170817,r,57842.166,20.74,,Prompt5,3.599999999999998,-140.88400000000547
19,19,GW170817,r,57843.213,20.83,,Prompt5,3.6899999999999977,-139.83699999999953
20,20,GW170817,r,57845.20400000001,20.9,,Prompt5,3.759999999999998,-137.84599999999045
21,21,GW170817,r,57847.195,20.73,,Prompt5,3.59,-135.8550000000032
22,22,GW170817,r,57848.2,20.87,,Prompt5,3.7300000000000004,-134.85000000000582
23,23,GW170817,r,57849.357,20.63,,Prompt5,3.4899999999999984,-133.6929999999993
24,24,GW170817,r,57850.199,20.24,,Prompt5,3.099999999999998,-132.8510000000024
25,25,GW170817,r,57851.195,19.74,,Prompt5,2.599999999999998,-131.8550000000032
26,26,GW170817,r,57852.179,19.56,,Prompt5,2.419999999999998,-130.87100000000646
27,27,GW170817,r,57856.361,19.45,,Prompt5,2.3099999999999987,-126.68900000000576
28,28,GW170817,r,57857.178,18.41,,Prompt5,1.2699999999999996,-125.87200000000303
29,29,GW170817,r,57858.166,20.07,,Prompt5,2.9299999999999997,-124.88400000000547
30,30,GW170817,r,57864.154,21.01,,Prompt5,3.870000000000001,-118.89600000000064
31,31,GW170817,r,57865.142,20.93,,Prompt5,3.789999999999999,-117.90800000000309
32,32,GW170817,r,57866.26,21.02,,Prompt5,3.879999999999999,-116.79000000000087
33,33,GW170817,r,57867.152,21.04,,Prompt5,3.8999999999999986,-115.89800000000105
34,34,GW170817,r,57869.131,20.67,,Prompt5,3.530000000000001,-113.91900000000169
35,35,GW170817,r,57870.126,20.92,,Prompt5,3.780000000000001,-112.92400000000634
36,36,GW170817,r,57871.122,20.65,,Prompt5,3.509999999999998,-111.92799999999988
37,37,GW170817,r,57872.194,20.66,,Prompt5,3.5199999999999996,-110.85599999999977
38,38,GW170817,r,57873.118,20.71,,Prompt5,3.5700000000000003,-109.9320000000007
39,39,GW170817,r,57874.115,20.6,,Prompt5,3.460000000000001,-108.93500000000495
40,40,GW170817,r,57876.165,20.76,,Prompt5,3.620000000000001,-106.88500000000204
41,41,GW170817,r,57877.09400000001,20.55,,Prompt5,3.41,-105.95599999999104
42,42,GW170817,r,57878.106,20.3,,Prompt5,3.16,-104.94400000000314
43,43,GW170817,r,57879.07700000001,20.25,,Prompt5,3.1099999999999994,-103.97299999999086
44,44,GW170817,r,57888.262,19.79,,Prompt5,2.6499999999999986,-94.78800000000047
45,45,GW170817,r,57889.251,19.88,,Prompt5,2.7399999999999984,-93.79900000000634
46,46,GW170817,r,57890.296,19.61,,Prompt5,2.469999999999999,-92.75400000000081
47,47,GW170817,r,57893.0,19.88,,Prompt5,2.7399999999999984,-90.05000000000291
48,48,GW170817,r,57894.06200000001,20.27,,Prompt5,3.129999999999999,-88.98799999999028
49,49,GW170817,r,57895.045,20.65,,Prompt5,3.509999999999998,-88.00500000000466
50,50,GW170817,r,57901.215,19.69,,Prompt5,2.5500000000000007,-81.8350000000064
51,51,GW170817,r,57902.048,20.16,,Prompt5,3.0199999999999996,-81.00200000000041
52,52,GW170817,r,57903.047,20.12,,Prompt5,2.9800000000000004,-80.00300000000425
53,53,GW170817,r,57904.044,20.7,,Prompt5,3.5599999999999987,-79.00600000000122
54,54,GW170817,r,57905.042,20.45,,Prompt5,3.3099999999999987,-78.00800000000163
55,55,GW170817,r,57906.011,20.24,,Prompt5,3.099999999999998,-77.03900000000431
56,56,GW170817,r,57906.998,20.06,,Prompt5,2.919999999999998,-76.05200000000332
57,57,GW170817,r,57923.145,20.61,,Prompt5,3.469999999999999,-59.90500000000611
58,58,GW170817,r,57923.981,19.65,,Prompt5,2.509999999999998,-59.06900000000314
59,59,GW170817,r,57961.099,19.84,,Prompt5,2.6999999999999993,-21.95100000000093
60,60,GW170817,C,57961.995,19.676,,,19.676,57961.995
61,61,GW170817,r,57961.995,19.36,,Prompt5,2.219999999999999,-21.05500000000029
62,62,GW170817,V,57982.9613611,15.5,,MASTER,15.5,57982.9613611
63,63,GW170817,i,57982.98,17.3,,,0.31599999999999895,-0.06999999999970896
64,64,GW170817,i,57982.9814,17.48,0.02,Swope,0.49599999999999866,-0.0686000000059721
65,65,GW170817,H,57982.9902,18.26,0.15,Magellan,18.26,57982.9902
66,66,GW170817,C,57982.99199069999,17.3335,0.06,,17.3335,57982.99199069999
67,67,GW170817,r,57982.993,17.46,0.03,Prompt5,0.3200000000000003,-0.05700000000069849
68,68,GW170817,Ks,57982.999,18.62,0.05,VISTA,18.62,57982.999
69,69,GW170817,J,57983.0,17.83,0.15,Magellan,17.83,57983.0
70,70,GW170817,V,57983.0,17.35,0.02,Magellan,17.35,57983.0
71,71,GW170817,r,57983.0,17.33,,Magellan,0.18999999999999773,-0.05000000000291038
72,72,GW170817,z,57983.0,17.67,0.03,Magellan,0.8160000000000025,-0.05000000000291038
73,73,GW170817,W,57983.0014537,17.5,0.2,MASTER,17.5,57983.0014537
74,74,GW170817,i,57983.003059500006,17.480130787100002,0.02529849344005,,0.49613078710000025,-0.04694049999670824
75,75,GW170817,z,57983.0037414,17.5902045028,0.02912213500222,,0.7362045027999997,-0.04625859999941895
76,76,GW170817,g,57983.0057,17.41,0.02,Magellan,0.129999999999999,-0.3952999999964959
77,77,GW170817,J,57983.00900000001,17.88,0.03,VISTA,17.88,57983.00900000001
78,78,GW170817,g,57983.0106,17.41,0.04,Magellan,0.129999999999999,-0.39039999999658903
79,79,GW170817,w,57983.011,17.49,0.04,LCO 1m,17.49,57983.011
80,80,GW170817,g,57983.0141,17.39,0.02,Magellan,0.10999999999999943,-0.386899999997695
81,81,GW170817,W,57983.0147755,17.1,0.2,MASTER,17.1,57983.0147755
82,82,GW170817,I,57983.018251,17.08,0.02,Magellan,17.08,57983.018251
83,83,GW170817,R,57983.018251,17.15,0.01,Magellan,17.15,57983.018251
84,84,GW170817,V,57983.018251,17.33,0.02,Magellan,17.33,57983.018251
85,85,GW170817,i,57983.018251,17.47,0.02,Magellan,0.4859999999999971,-0.03174900000158232
86,86,GW170817,Y,57983.019,17.46,0.01,VISTA,17.46,57983.019
87,87,GW170817,r,57983.028,17.56,0.04,Prompt5,0.41999999999999815,-0.02200000000448199
88,88,GW170817,Ks,57983.029,18.64,0.06,VISTA,18.64,57983.029
89,89,GW170817,Ks,57983.03,18.41,0.15,Magellan,18.41,57983.03
90,90,GW170817,J,57983.039,17.82,0.03,VISTA,17.82,57983.039
91,91,GW170817,g,57983.05,17.32,0.07,REM,0.03999999999999915,-0.35099999999511056
92,92,GW170817,i,57983.05,16.984,0.05,REM,0.0,0.0
93,93,GW170817,r,57983.05,17.14,0.08,REM,0.0,0.0
94,94,GW170817,z,57983.05,16.854,0.1,REM,0.0,0.0
95,95,GW170817,Ks,57983.059,18.42,0.04,Gemini-S,18.42,57983.059
96,96,GW170817,B,57983.059977,17.63,,Magellan,17.63,57983.059977
97,97,GW170817,I,57983.059977,17.12,0.02,Magellan,17.12,57983.059977
98,98,GW170817,R,57983.059977,17.17,0.01,Magellan,17.17,57983.059977
99,99,GW170817,V,57983.059977,17.35,0.02,Magellan,17.35,57983.059977
100,100,GW170817,i,57983.059977,17.51,0.02,Magellan,0.5259999999999998,0.009976999994250946
101,101,GW170817,r,57983.059977,17.34,0.01,Magellan,0.1999999999999993,0.009976999994250946
102,102,GW170817,z,57983.059977,17.59,,Magellan,0.7360000000000007,0.009976999994250946
103,103,GW170817,M2,57983.155719,21.12,,Swift,21.12,57983.155719
104,104,GW170817,W1,57983.162919,19.46,,Swift,19.46,57983.162919
105,105,GW170817,U,57983.16719907407,18.2024703,0.08934450000000001,Swift,18.2024703,57983.16719907407
106,106,GW170817,U,57983.167219,18.19,,Swift,18.19,57983.167219
107,107,GW170817,W2,57983.17161900001,21.13,,Swift,21.13,57983.17161900001
108,108,GW170817,z,57983.22900000001,17.4,0.01,Subaru,0.5459999999999994,0.1790000000037253
109,109,GW170817,i,57983.23125,17.24,0.06,PAN-STARRS,0.2559999999999967,0.18124999999417923
110,110,GW170817,y,57983.23125,17.38,0.1,PAN-STARRS,17.38,57983.23125
111,111,GW170817,z,57983.23125,17.26,0.06,PAN-STARRS,0.40600000000000236,0.18124999999417923
112,112,GW170817,y,57983.23199069999,17.28,0.13,PS1,17.28,57983.23199069999
113,113,GW170817,w,57983.38200000001,17.31,0.04,LCO 1m,17.31,57983.38200000001
114,114,GW170817,i,57983.38678241,17.42,0.05,skymapper,0.43599999999999994,0.3367824099987047
115,115,GW170817,g,57983.401,17.28,0.12,LCO 1m,0.0,0.0
116,116,GW170817,r,57983.405,17.2,0.02,LCO 1m,0.05999999999999872,0.35499999999592546
117,117,GW170817,r,57983.41925926,17.32,0.07,skymapper,0.17999999999999972,0.3692592599982163
118,118,GW170817,g,57983.42064815,17.46,0.08,skymapper,0.17999999999999972,0.019648150002467446
119,119,GW170817,U,57983.509444444455,18.9034076,0.1656082,Swift,18.9034076,57983.509444444455
120,120,GW170817,i,57983.54987027,17.14,0.13,AST3-2,0.1559999999999988,0.49987026999588124
121,121,GW170817,W1,57983.56921900001,20.21,,Swift,20.21,57983.56921900001
122,122,GW170817,U,57983.57148148147,18.980041,0.16237120000000002,Swift,18.980041,57983.57148148147
123,123,GW170817,U,57983.571619,19.0,,Swift,19.0,57983.571619
124,124,GW170817,W2,57983.57541900001,21.45,,Swift,21.45,57983.57541900001
125,125,GW170817,M2,57983.593719,22.52,,Swift,22.52,57983.593719
126,126,GW170817,i,57983.594378400005,17.48,0.07,AST3-2,0.49599999999999866,0.5443784000017331
127,127,GW170817,i,57983.62518802,17.58,0.09,AST3-2,0.5959999999999965,0.5751880199968582
128,128,GW170817,H,57983.699,17.64,0.04,IRSF,17.64,57983.699
129,129,GW170817,J,57983.699,17.51,0.03,IRSF,17.51,57983.699
130,130,GW170817,Ks,57983.699,17.91,0.05,IRSF,17.91,57983.699
131,131,GW170817,W,57983.71711340001,17.3,0.2,MASTER,17.3,57983.71711340001
132,132,GW170817,B,57983.71851900001,18.47,0.11,SAAO,18.47,57983.71851900001
133,133,GW170817,I,57983.71851900001,17.58,0.1,SAAO,17.58,57983.71851900001
134,134,GW170817,R,57983.71851900001,17.65,0.05,SAAO,17.65,57983.71851900001
135,135,GW170817,V,57983.71851900001,17.81,0.04,SAAO,17.81,57983.71851900001
136,136,GW170817,R,57983.7264884,17.0,0.2,MASTER,17.0,57983.7264884
137,137,GW170817,w,57983.733,17.95,0.04,LCO 1m,17.95,57983.733
138,138,GW170817,B,57983.7360602,18.1,0.1,MASTER,18.1,57983.7360602
139,139,GW170817,r,57983.741,17.75,0.02,LCO 1m,0.6099999999999994,0.690999999998894
140,140,GW170817,g,57983.745,18.05,0.12,LCO 1m,0.7699999999999996,0.3440000000045984
141,141,GW170817,r,57983.75833,17.89,0.03,,0.75,0.7083299999940209
142,142,GW170817,V,57983.96400000001,18.22,0.08,NTT,18.22,57983.96400000001
143,143,GW170817,g,57983.968,18.431,0.057,T80S,1.1509999999999998,0.5670000000027358
144,144,GW170817,w,57983.968,18.23,0.04,LCO 1m,18.23,57983.968
145,145,GW170817,V,57983.9687,18.16,0.05,NTT,18.16,57983.9687
146,146,GW170817,H,57983.96875,17.64,0.08,LaSilla,17.64,57983.96875
147,147,GW170817,J,57983.96875,17.58,0.07,LaSilla,17.58,57983.96875
148,148,GW170817,K,57983.96875,17.85,0.15,LaSilla,17.85,57983.96875
149,149,GW170817,g,57983.96875,18.49,0.04,LaSilla,1.2099999999999973,0.5677500000019791
150,150,GW170817,i,57983.96875,17.85,0.05,LaSilla,0.8659999999999997,0.9187499999970896
151,151,GW170817,r,57983.96875,17.99,0.01,LaSilla,0.8499999999999979,0.9187499999970896
152,152,GW170817,z,57983.96875,17.72,0.03,LaSilla,0.8659999999999997,0.9187499999970896
153,153,GW170817,r,57983.96900000001,17.69,0.02,VLT,0.5500000000000007,0.919000000008964
154,154,GW170817,V,57983.9701,18.13,0.08,NTT,18.13,57983.9701
155,155,GW170817,i,57983.972,17.88,0.1,LCO 1m,0.8959999999999972,0.9219999999986612
156,156,GW170817,g,57983.9737,18.507,0.039,T80S,1.2270000000000003,0.5727000000042608
157,157,GW170817,g,57983.9748,18.481,0.037000000000000005,T80S,1.2010000000000005,0.5738000000055763
158,158,GW170817,g,57983.9759,18.615,0.043,T80S,1.3349999999999973,0.5748999999996158
159,159,GW170817,r,57983.976,17.98,0.08,LCO 1m,0.8399999999999999,0.9259999999994761
160,160,GW170817,Y,57983.976350699995,17.3152541007,0.025659540104610003,,17.3152541007,57983.976350699995
161,161,GW170817,z,57983.9768,17.62,0.06,Magellan,0.7660000000000018,0.9267999999938183
162,162,GW170817,z,57983.9770265,17.592973982,0.02197152849233,,0.738973982000001,0.9270264999940991
163,163,GW170817,r,57983.9771,17.925,0.022,T80S,0.7850000000000001,0.9270999999935157
164,164,GW170817,i,57983.97771490001,17.7848867885,0.02151655145699,,0.800886788499998,0.9277149000045029
165,165,GW170817,r,57983.9782,17.965999999999994,0.024,T80S,0.8259999999999934,0.9281999999948312
166,166,GW170817,r,57983.97839990001,18.0406133217,0.023977895134540003,,0.9006133216999999,0.9283999000035692
167,167,GW170817,z,57983.9784,17.61,0.06,Magellan,0.7560000000000002,0.9283999999970547
168,168,GW170817,z,57983.97900000001,17.61,0.06,Magellan,0.7560000000000002,0.9290000000037253
169,169,GW170817,g,57983.9790744,18.6643835894,0.02786234183509,,1.3843835893999987,0.5780744000003324
170,170,GW170817,r,57983.9792,17.937,0.024,T80S,0.7970000000000006,0.9291999999986729
171,171,GW170817,u,57983.9797554,19.939139444000002,0.0548237969632,,0.0,0.0
172,172,GW170817,i,57983.9798,17.77,0.03,Magellan,0.7859999999999978,0.9297999999980675
173,173,GW170817,I,57983.98,17.664,0.064,REM,17.664,57983.98
174,174,GW170817,g,57983.98,18.61,0.14,LCO 1m,1.3299999999999983,0.5790000000051805
175,175,GW170817,r,57983.98,17.675,0.134,REM,0.5350000000000001,0.930000000000291
176,176,GW170817,z,57983.98,17.611,0.098,REM,0.7570000000000014,0.930000000000291
177,177,GW170817,i,57983.9804,17.743,0.029,T80S,0.7589999999999968,0.9303999999974621
178,178,GW170817,r,57983.9806,17.91,0.03,Magellan,0.7699999999999996,0.9305999999996857
179,179,GW170817,Ks,57983.981,17.61,0.04,Magellan,17.61,57983.981
180,180,GW170817,J,57983.9813,17.47,0.01,Magellan,17.47,57983.9813
181,181,GW170817,g,57983.9814,18.61,0.03,Magellan,1.3299999999999983,0.5803999999989173
182,182,GW170817,i,57983.9815,17.803,0.025,T80S,0.8189999999999991,0.9314999999987776
183,183,GW170817,i,57983.9826,17.809,0.026,T80S,0.8249999999999993,0.9326000000000931
184,184,GW170817,B,57983.9829,19.04,0.06,Magellan,19.04,57983.9829
185,185,GW170817,g,57983.984,18.582,0.031,T80S,1.3019999999999996,0.5829999999987194
186,186,GW170817,B,57983.9843,19.04,0.07,Magellan,19.04,57983.9843
187,187,GW170817,g,57983.9851,18.547,0.03,T80S,1.2669999999999995,0.5841000000000349
188,188,GW170817,g,57983.9862,18.607,0.038,T80S,1.3269999999999982,0.5852000000013504
189,189,GW170817,r,57983.9874,17.945999999999994,0.02,T80S,0.8059999999999938,0.9373999999952503
190,190,GW170817,g,57983.9875,18.66,0.03,Magellan,1.379999999999999,0.5865000000048894
191,191,GW170817,r,57983.9885,17.983,0.024,T80S,0.843,0.9384999999965657
192,192,GW170817,B,57983.98851900001,19.09,0.11,CTIO,19.09,57983.98851900001
193,193,GW170817,I,57983.98851900001,17.77,0.09,CTIO,17.77,57983.98851900001
194,194,GW170817,R,57983.98851900001,17.94,0.05,CTIO,17.94,57983.98851900001
195,195,GW170817,V,57983.98851900001,18.28,0.04,CTIO,18.28,57983.98851900001
196,196,GW170817,J,57983.989,17.45,0.01,VISTA,17.45,57983.989
197,197,GW170817,Ks,57983.989,17.77,0.02,VISTA,17.77,57983.989
198,198,GW170817,r,57983.9895,17.987000000000005,0.026,T80S,0.8470000000000049,0.9395000000004075
199,199,GW170817,H,57983.9902,17.52,0.01,Magellan,17.52,57983.9902
200,200,GW170817,i,57983.9908,17.776,0.021,T80S,0.791999999999998,0.9407999999966705
201,201,GW170817,r,57983.991,18.0,0.06,Prompt5,0.8599999999999994,0.940999999998894
202,202,GW170817,I,57983.99139700001,17.31,,Magellan,17.31,57983.99139700001
203,203,GW170817,R,57983.99139700001,17.67,0.01,Magellan,17.67,57983.99139700001
204,204,GW170817,V,57983.99139700001,18.18,0.01,Magellan,18.18,57983.99139700001
205,205,GW170817,g,57983.99139700001,18.64,0.02,Magellan,1.3599999999999994,0.5903970000144909
206,206,GW170817,i,57983.99139700001,17.78,0.02,Magellan,0.7959999999999994,0.9413970000096015
207,207,GW170817,r,57983.99139700001,17.92,0.01,Magellan,0.7800000000000011,0.9413970000096015
208,208,GW170817,i,57983.9918,17.793,0.024,T80S,0.8089999999999975,0.9418000000005122
209,209,GW170817,i,57983.9929,17.795,0.025,T80S,0.8109999999999999,0.9428999999945518
210,210,GW170817,g,57983.9942,18.653,0.034,T80S,1.3729999999999976,0.5932000000029802
211,211,GW170817,V,57983.9948,18.22,0.04,Swope,18.22,57983.9948
212,212,GW170817,g,57983.9953,18.604,0.038,T80S,1.323999999999998,0.5943000000042957
213,213,GW170817,g,57983.9963,18.632,0.037000000000000005,T80S,1.3520000000000003,0.5953000000008615
214,214,GW170817,r,57983.9975,18.025,0.026,T80S,0.884999999999998,0.9474999999947613
215,215,GW170817,r,57983.9986,18.017,0.023,T80S,0.8769999999999989,0.9485999999960768
216,216,GW170817,Y,57983.999,17.23,0.01,VISTA,17.23,57983.999
217,217,GW170817,r,57983.9997,18.041,0.022,T80S,0.9009999999999998,0.9496999999973923
218,218,GW170817,r,57984.0,17.951,0.02,VLT,0.8109999999999999,0.9499999999970896
219,219,GW170817,z,57984.0,17.654,0.07,VLT,0.8000000000000007,0.9499999999970896
220,220,GW170817,H,57984.000219907415,17.630000000000006,0.1,,17.630000000000006,57984.000219907415
221,221,GW170817,i,57984.0009,17.743,0.024,T80S,0.7589999999999968,0.9508999999961816
222,222,GW170817,i,57984.002,17.855999999999995,0.028,T80S,0.8719999999999928,0.9519999999974971
223,223,GW170817,J1,57984.0022,17.32,0.01,Magellan,17.32,57984.0022
224,224,GW170817,i,57984.0031,17.847,0.025,T80S,0.8629999999999995,0.9530999999988126
225,225,GW170817,g,57984.0043,18.693,0.036000000000000004,T80S,1.4130000000000003,0.6033000000024913
226,226,GW170817,g,57984.0054,18.666,0.03,T80S,1.3859999999999992,0.6044000000038068
227,227,GW170817,g,57984.0065,18.623,0.036000000000000004,T80S,1.343,0.6055000000051223
228,228,GW170817,r,57984.0077,18.008,0.02,T80S,0.8679999999999986,0.9576999999990221
229,229,GW170817,r,57984.0088,18.008,0.023,T80S,0.8679999999999986,0.9588000000003376
230,230,GW170817,r,57984.0099,18.069000000000006,0.027000000000000003,T80S,0.9290000000000056,0.9598999999943771
231,231,GW170817,r,57984.01,18.29,0.06,Prompt5,1.1499999999999986,0.9599999999991269
232,232,GW170817,V,57984.0105,18.14,0.04,NTT,18.14,57984.0105
233,233,GW170817,i,57984.011,17.825,0.033,T80S,0.8409999999999975,0.9609999999956926
234,234,GW170817,V,57984.0118,18.16,0.06,NTT,18.16,57984.0118
235,235,GW170817,i,57984.0121,17.772000000000006,0.025,T80S,0.7880000000000038,0.9620999999970081
236,236,GW170817,V,57984.0129,18.18,0.04,NTT,18.18,57984.0129
237,237,GW170817,i,57984.0132,17.866,0.032,T80S,0.8819999999999979,0.9631999999983236
238,238,GW170817,g,57984.0145,18.683,0.035,T80S,1.4029999999999987,0.6134999999994761
239,239,GW170817,g,57984.0156,18.667,0.038,T80S,1.3870000000000005,0.6146000000007916
240,240,GW170817,g,57984.0166,18.568,0.03,T80S,1.2880000000000003,0.6156000000046333
241,241,GW170817,r,57984.0178,18.029,0.024,T80S,0.8889999999999993,0.9677999999985332
242,242,GW170817,r,57984.0189,18.053,0.03,T80S,0.9130000000000003,0.9688999999998487
243,243,GW170817,r,57984.02,18.041,0.022,T80S,0.9009999999999998,0.9699999999938882
244,244,GW170817,i,57984.0212,17.831,0.029,T80S,0.8469999999999978,0.9711999999999534
245,245,GW170817,i,57984.0223,17.898,0.031,T80S,0.9139999999999979,0.972299999993993
246,246,GW170817,i,57984.0233,17.88,0.033,T80S,0.8959999999999972,0.9732999999978347
247,247,GW170817,U,57984.03061900001,20.79,,Swift,20.79,57984.03061900001
248,248,GW170817,B,57984.0342,19.07,0.04,Swope,19.07,57984.0342
249,249,GW170817,i,57984.0438,17.8,0.02,Swope,0.815999999999999,0.9937999999965541
250,250,GW170817,V,57984.0461,18.25,0.06,NTT,18.25,57984.0461
251,251,GW170817,V,57984.0471,18.18,0.1,NTT,18.18,57984.0471
252,252,GW170817,r,57984.0472,17.98,0.02,Swope,0.8399999999999999,0.9971999999979744
253,253,GW170817,U,57984.0481,20.11,0.23,NTT,20.11,57984.0481
254,254,GW170817,U,57984.04811,20.25,0.29,NTT,20.25,57984.04811
255,255,GW170817,U,57984.052,20.21,0.28,NTT,20.21,57984.052
256,256,GW170817,M2,57984.05221900001,22.07,,Swift,22.07,57984.05221900001
257,257,GW170817,g,57984.0548,18.49,0.12,Swope,1.2099999999999973,0.6538000000000466
258,258,GW170817,U,57984.0559,20.1,0.28,NTT,20.1,57984.0559
259,259,GW170817,W1,57984.05781900001,21.2,,Swift,21.2,57984.05781900001
260,260,GW170817,z,57984.22900000001,17.74,0.01,Subaru,0.8859999999999992,1.1790000000037253
261,261,GW170817,i,57984.23125,17.87,0.06,PAN-STARRS,0.8859999999999992,1.1812499999941792
262,262,GW170817,y,57984.23125,17.58,0.11,PAN-STARRS,17.58,57984.23125
263,263,GW170817,z,57984.23125,17.78,0.07,PAN-STARRS,0.9260000000000019,1.1812499999941792
264,264,GW170817,g,57984.309,18.8,0.07,B&C,1.5199999999999996,0.908000000003085
265,265,GW170817,i,57984.309,18.19,0.06,B&C,1.2059999999999995,1.2589999999981956
266,266,GW170817,r,57984.309,18.26,0.04,B&C,1.120000000000001,1.2589999999981956
267,267,GW170817,w,57984.357,18.69,0.05,LCO 1m,18.69,57984.357
268,268,GW170817,B,57984.35851900001,20.1,0.12,SSO,20.1,57984.35851900001
269,269,GW170817,V,57984.35851900001,18.79,0.05,SSO,18.79,57984.35851900001
270,270,GW170817,i,57984.361,18.07,0.13,LCO 1m,1.0859999999999985,1.3109999999942374
271,271,GW170817,r,57984.365,18.34,0.11,LCO 1m,1.1999999999999993,1.3149999999950523
272,272,GW170817,I,57984.368519,17.98,0.09,SSO,17.98,57984.368519
273,273,GW170817,R,57984.368519,18.34,0.05,SSO,18.34,57984.368519
274,274,GW170817,g,57984.36900000001,19.28,0.17,LCO 1m,2.0,0.9680000000153086
275,275,GW170817,i,57984.37936343,17.96,0.07,skymapper,0.9759999999999991,1.3293634299989208
276,276,GW170817,i,57984.39232639,18.18,0.08,skymapper,1.195999999999998,1.3423263899967424
277,277,GW170817,r,57984.45625,18.46,0.17,zadko,1.3200000000000003,1.40625
278,278,GW170817,M2,57984.60081900001,21.97,,Swift,21.97,57984.60081900001
279,279,GW170817,W1,57984.60621900001,21.79,,Swift,21.79,57984.60621900001
280,280,GW170817,W2,57984.627719,21.98,,Swift,21.98,57984.627719
281,281,GW170817,H,57984.699,17.52,0.04,IRSF,17.52,57984.699
282,282,GW170817,J,57984.699,17.69,0.04,IRSF,17.69,57984.699
283,283,GW170817,Ks,57984.699,17.61,0.04,IRSF,17.61,57984.699
284,284,GW170817,W,57984.71704400001,18.4,0.2,MASTER,18.4,57984.71704400001
285,285,GW170817,B,57984.71851900001,20.45,0.09,SAAO,20.45,57984.71851900001
286,286,GW170817,I,57984.71851900001,18.26,0.12,SAAO,18.26,57984.71851900001
287,287,GW170817,R,57984.71851900001,18.59,0.05,SAAO,18.59,57984.71851900001
288,288,GW170817,V,57984.71851900001,19.25,0.05,SAAO,19.25,57984.71851900001
289,289,GW170817,r,57984.738,18.92,0.1,LCO 1m,1.7800000000000011,1.687999999994645
290,290,GW170817,r,57984.741,18.9,0.11,LCO 1m,1.759999999999998,1.690999999998894
291,291,GW170817,i,57984.745,18.33,0.12,LCO 1m,1.3459999999999965,1.694999999999709
292,292,GW170817,i,57984.748,18.26,0.15,LCO 1m,1.2759999999999998,1.6979999999966822
293,293,GW170817,R,57984.7494167,18.0,0.3,MASTER,18.0,57984.7494167
294,294,GW170817,V,57984.751,19.06,0.07,LCO 1m,19.06,57984.751
295,295,GW170817,z,57984.751,18.25,0.3,LCO 1m,1.3960000000000008,1.7009999999936554
296,296,GW170817,B,57984.75704400001,19.5,,MASTER,19.5,57984.75704400001
297,297,GW170817,g,57984.758,19.93,0.21,LCO 1m,2.6499999999999986,1.3570000000036089
298,298,GW170817,w,57984.758,19.11,0.06,LCO 1m,19.11,57984.758
299,299,GW170817,g,57984.761,19.8,0.2,LCO 1m,2.5199999999999996,1.360000000000582
300,300,GW170817,w,57984.761,19.11,0.06,LCO 1m,19.11,57984.761
301,301,GW170817,r,57984.76111,18.8,0.07,PAN-STARRS,1.6600000000000001,1.7111099999965518
302,302,GW170817,U,57984.88311900001,20.41,,Swift,20.41,57984.88311900001
303,303,GW170817,B,57984.88501900001,19.31,,Swift,19.31,57984.88501900001
304,304,GW170817,W2,57984.889719000006,22.16,,Swift,22.16,57984.889719000006
305,305,GW170817,V,57984.895319,18.72,,Swift,18.72,57984.895319
306,306,GW170817,I,57984.96,18.354,0.105,REM,18.354,57984.96
307,307,GW170817,g,57984.96,20.314,0.282,REM,3.033999999999999,1.559000000001106
308,308,GW170817,r,57984.96,19.178,0.1,REM,2.0380000000000003,1.9099999999962165
309,309,GW170817,Ks,57984.962,17.55,0.06,Magellan,17.55,57984.962
310,310,GW170817,J,57984.9625,17.55,0.01,Magellan,17.55,57984.9625
311,311,GW170817,H,57984.96775462963,17.71,0.09,,17.71,57984.96775462963
312,312,GW170817,r,57984.968,19.1,0.11,LCO 1m,1.9600000000000009,1.9179999999978463
313,313,GW170817,H,57984.96892000001,17.64,0.08,LaSilla,17.64,57984.96892000001
314,314,GW170817,J,57984.96892000001,17.73,0.09,LaSilla,17.73,57984.96892000001
315,315,GW170817,K,57984.96892000001,17.66,0.1,LaSilla,17.66,57984.96892000001
316,316,GW170817,g,57984.96892000001,20.19,0.11,LaSilla,2.91,1.5679200000085984
317,317,GW170817,i,57984.96892000001,18.58,0.04,LaSilla,1.5959999999999965,1.918920000003709
318,318,GW170817,r,57984.96892000001,19.13,0.17,LaSilla,1.9899999999999984,1.918920000003709
319,319,GW170817,z,57984.96892000001,18.33,0.06,LaSilla,1.475999999999999,1.918920000003709
320,320,GW170817,r,57984.96900000001,18.77,0.04,VLT,1.629999999999999,1.919000000008964
321,321,GW170817,H,57984.9714,17.57,0.01,Magellan,17.57,57984.9714
322,322,GW170817,V,57984.9714,19.4,0.11,NTT,19.4,57984.9714
323,323,GW170817,Y,57984.9746503,17.771985892,0.0323418323291,,17.771985892,57984.9746503
324,324,GW170817,i,57984.975,18.61,0.15,LCO 1m,1.6259999999999977,1.9249999999956344
325,325,GW170817,z,57984.97569,18.1814465669,0.029941105181100002,,1.3274465669000008,1.9256899999963935
326,326,GW170817,r,57984.976,19.34,0.08,Prompt5,2.1999999999999993,1.9259999999994761
327,327,GW170817,i,57984.976388999996,18.3834253954,0.03149113467893,,1.399425395399998,1.9263889999929233
328,328,GW170817,r,57984.97707919999,19.0348518723,0.0338112170222,,1.8948518722999985,1.9270791999879293
329,329,GW170817,g,57984.9777679,20.209178806500002,0.0499190807263,,2.9291788065000013,1.5767679000055068
330,330,GW170817,i,57984.978,18.46,0.1,LCO 1m,1.475999999999999,1.9279999999998836
331,331,GW170817,r,57984.978,19.29,0.12,Prompt5,2.1499999999999986,1.9279999999998836
332,332,GW170817,B,57984.978519,20.82,0.1,CTIO,20.82,57984.978519
333,333,GW170817,R,57984.978519,18.81,0.05,CTIO,18.81,57984.978519
334,334,GW170817,V,57984.978519,19.51,0.05,CTIO,19.51,57984.978519
335,335,GW170817,Ks,57984.97900000001,17.67,0.03,VISTA,17.67,57984.97900000001
336,336,GW170817,r,57984.97954861,19.12,0.06,RC-1000,1.9800000000000004,1.9295486099945265
337,337,GW170817,u,57984.98001819999,22.260568039899997,0.159378300537,,2.321428595899995,1.0002627999856486
338,338,GW170817,J1,57984.9801,17.52,0.01,Magellan,17.52,57984.9801
339,339,GW170817,W,57984.9802153,18.8,0.2,MASTER,18.8,57984.9802153
340,340,GW170817,z,57984.982,18.19,0.2,LCO 1m,1.336000000000002,1.9320000000006985
341,341,GW170817,r,57984.985,18.78,0.03,T80S,1.6400000000000006,1.9349999999976717
342,342,GW170817,r,57984.985,19.15,0.06,T80S,2.009999999999998,1.9349999999976717
343,343,GW170817,i,57984.988,18.37,0.03,VLT,1.3859999999999992,1.937999999994645
344,344,GW170817,w,57984.988,19.56,0.07,LCO 1m,19.56,57984.988
345,345,GW170817,I,57984.98851900001,18.4,0.13,CTIO,18.4,57984.98851900001
346,346,GW170817,J,57984.989,17.66,0.02,VISTA,17.66,57984.989
347,347,GW170817,z,57984.99,18.01,0.13,DK1.5,1.1560000000000024,1.9399999999950523
348,348,GW170817,w,57984.992,19.48,0.07,LCO 1m,19.48,57984.992
349,349,GW170817,Y,57984.999,17.51,0.02,VISTA,17.51,57984.999
350,350,GW170817,V,57985.0,19.51,0.08,Magellan,19.51,57985.0
351,351,GW170817,i,57985.0,18.36,0.02,Magellan,1.3759999999999977,1.9499999999970896
352,352,GW170817,i,57985.002,18.46,0.1,LCO 1m,1.475999999999999,1.951999999997497
353,353,GW170817,i,57985.006,18.45,0.11,LCO 1m,1.4659999999999975,1.955999999998312
354,354,GW170817,C,57985.00833333,18.9,0.28,virt,18.9,57985.00833333
355,355,GW170817,r,57985.0094,18.93,0.02,Magellan,1.7899999999999991,1.9593999999997322
356,356,GW170817,V,57985.01,19.33,0.18,LCO 1m,19.33,57985.01
357,357,GW170817,w,57985.016,19.46,0.06,LCO 1m,19.46,57985.016
358,358,GW170817,V,57985.0164,19.53,0.12,NTT,19.53,57985.0164
359,359,GW170817,g,57985.017,20.15,0.33,LCO 1m,2.8699999999999974,1.6160000000018044
360,360,GW170817,I,57985.018368,17.82,0.04,Magellan,17.82,57985.018368
361,361,GW170817,R,57985.018368,18.57,0.03,Magellan,18.57,57985.018368
362,362,GW170817,V,57985.018368,19.49,,Magellan,19.49,57985.018368
363,363,GW170817,r,57985.018368,18.98,,Magellan,1.8399999999999999,1.9683679999943706
364,364,GW170817,J,57985.019,17.76,0.02,Gemini-S,17.76,57985.019
365,365,GW170817,Ks,57985.019,17.6,0.04,Gemini-S,17.6,57985.019
366,366,GW170817,w,57985.019,19.36,0.05,LCO 1m,19.36,57985.019
367,367,GW170817,U,57985.0537,20.19,,NTT,20.19,57985.0537
368,368,GW170817,V,57985.0537,19.59,0.2,NTT,19.59,57985.0537
369,369,GW170817,U,57985.05497000001,19.6,,NTT,19.6,57985.05497000001
370,370,GW170817,B,57985.183919,19.93,,Swift,19.93,57985.183919
371,371,GW170817,W2,57985.18861900001,22.21,,Swift,22.21,57985.18861900001
372,372,GW170817,V,57985.19421900001,18.67,,Swift,18.67,57985.19421900001
373,373,GW170817,i,57985.23125,18.44,0.09,PAN-STARRS,1.4559999999999995,2.1812499999941792
374,374,GW170817,y,57985.23125,18.08,0.11,PAN-STARRS,18.08,57985.23125
375,375,GW170817,z,57985.23125,18.31,0.07,PAN-STARRS,1.4559999999999995,2.1812499999941792
376,376,GW170817,r,57985.357,19.36,0.09,LCO 1m,2.219999999999999,2.3070000000006985
377,377,GW170817,I,57985.35851900001,18.62,0.1,SSO,18.62,57985.35851900001
378,378,GW170817,R,57985.35851900001,19.1,0.05,SSO,19.1,57985.35851900001
379,379,GW170817,i,57985.364,18.53,0.13,LCO 1m,1.5459999999999994,2.3139999999984866
380,380,GW170817,i,57985.367,18.62,0.14,LCO 1m,1.6359999999999992,2.31699999999546
381,381,GW170817,w,57985.377,19.68,0.05,LCO 1m,19.68,57985.377
382,382,GW170817,w,57985.381,19.61,0.05,LCO 1m,19.61,57985.381
383,383,GW170817,r,57985.38399306,19.34,0.08,skymapper,2.1999999999999993,2.333993059997738
384,384,GW170817,V,57985.385,19.77,0.2,LCO 1m,19.77,57985.385
385,385,GW170817,g,57985.38539352,20.43,0.11,skymapper,3.1499999999999986,1.9843935200042324
386,386,GW170817,i,57985.391,18.7,0.18,LCO 1m,1.7159999999999975,2.3410000000003492
387,387,GW170817,i,57985.395,18.63,0.15,LCO 1m,1.6459999999999972,2.344999999993888
388,388,GW170817,r,57985.39703704,19.37,0.09,skymapper,2.2300000000000004,2.3470370399954845
389,389,GW170817,g,57985.3984375,20.21,0.12,skymapper,2.9299999999999997,1.997437500001979
390,390,GW170817,w,57985.405,19.53,0.07,LCO 1m,19.53,57985.405
391,391,GW170817,w,57985.408,19.56,0.08,LCO 1m,19.56,57985.408
392,392,GW170817,r,57985.47916667,19.18,0.12,zadko,2.039999999999999,2.4291666699937196
393,393,GW170817,V,57985.531419000006,18.72,,Swift,18.72,57985.531419000006
394,394,GW170817,W1,57985.54961900001,22.05,,Swift,22.05,57985.54961900001
395,395,GW170817,B,57985.554319,19.71,,Swift,19.71,57985.554319
396,396,GW170817,i,57985.67184848,18.67,,AST3-2,1.686,2.621848479997425
397,397,GW170817,H,57985.699,17.57,0.04,IRSF,17.57,57985.699
398,398,GW170817,J,57985.699,17.78,0.05,IRSF,17.78,57985.699
399,399,GW170817,Ks,57985.699,17.55,0.05,IRSF,17.55,57985.699
400,400,GW170817,W,57985.715412,19.1,,MASTER,19.1,57985.715412
401,401,GW170817,I,57985.71851900001,18.73,0.11,SAAO,18.73,57985.71851900001
402,402,GW170817,R,57985.71851900001,19.3,0.05,SAAO,19.3,57985.71851900001
403,403,GW170817,r,57985.726,19.75,0.12,LCO 1m,2.6099999999999994,2.675999999999476
404,404,GW170817,R,57985.73022690001,18.6,,MASTER,18.6,57985.73022690001
405,405,GW170817,i,57985.733,18.84,0.2,LCO 1m,1.855999999999998,2.6829999999972642
406,406,GW170817,i,57985.736,18.76,0.15,LCO 1m,1.7759999999999998,2.6859999999942374
407,407,GW170817,B,57985.737588,19.3,,MASTER,19.3,57985.737588
408,408,GW170817,z,57985.74,18.42,0.34,LCO 1m,1.5660000000000025,2.6899999999950523
409,409,GW170817,V,57985.743,19.89,0.19,LCO 1m,19.89,57985.743
410,410,GW170817,w,57985.746,20.13,0.13,LCO 1m,20.13,57985.746
411,411,GW170817,w,57985.75,19.99,0.06,LCO 1m,19.99,57985.75
412,412,GW170817,r,57985.77639,19.52,0.13,,2.379999999999999,2.7263899999961723
413,413,GW170817,V,57985.9687,20.54,0.2,NTT,20.54,57985.9687
414,414,GW170817,J,57985.9728,17.85,0.01,Magellan,17.85,57985.9728
415,415,GW170817,r,57985.97302083,20.04,0.08,RC-1000,2.8999999999999986,2.9230208299995866
416,416,GW170817,H,57985.97433,17.72,0.07,LaSilla,17.72,57985.97433
417,417,GW170817,J,57985.97433,17.95,0.07,LaSilla,17.95,57985.97433
418,418,GW170817,K,57985.97433,17.86,0.1,LaSilla,17.86,57985.97433
419,419,GW170817,g,57985.97433,21.13,0.16,LaSilla,3.849999999999998,2.5733299999992596
420,420,GW170817,i,57985.97433,19.03,0.01,LaSilla,2.0459999999999994,2.92432999999437
421,421,GW170817,r,57985.97433,19.81,0.02,LaSilla,2.669999999999998,2.92432999999437
422,422,GW170817,z,57985.97433,18.74,0.02,LaSilla,1.8859999999999992,2.92432999999437
423,423,GW170817,I,57985.978519,18.87,0.11,CTIO,18.87,57985.978519
424,424,GW170817,R,57985.978519,19.54,0.06,CTIO,19.54,57985.978519
425,425,GW170817,Ks,57985.97900000001,17.54,0.02,VISTA,17.54,57985.97900000001
426,426,GW170817,r,57985.97900000001,19.28,0.01,VLT,2.1400000000000006,2.9290000000037253
427,427,GW170817,Y,57985.982575,18.053540582,0.03489670185509998,,18.053540582,57985.982575
428,428,GW170817,z,57985.983605299996,18.5613837282,0.033571560303100004,,1.7073837282,2.93360529999336
429,429,GW170817,u,57985.984104999996,23.0620125727,0.320547847388,,3.1228731286999967,2.0043495999925653
430,430,GW170817,i,57985.98427180001,18.7253377929,0.0315727125526,,1.7413377928999978,2.9342718000043533
431,431,GW170817,r,57985.9849566,19.2904674945,0.0435129039438,,2.150467494499999,2.9349565999946208
432,432,GW170817,g,57985.98563919999,20.928474087799998,0.082903420644,,3.648474087799997,2.5846391999948537
433,433,GW170817,J,57985.989,17.86,0.02,VISTA,17.86,57985.989
434,434,GW170817,Y,57985.989,17.76,0.01,VISTA,17.76,57985.989
435,435,GW170817,V,57985.9893,20.52,0.12,Swope,20.52,57985.9893
436,436,GW170817,I,57985.990193,18.26,0.04,Magellan,18.26,57985.990193
437,437,GW170817,R,57985.990193,19.35,0.04,Magellan,19.35,57985.990193
438,438,GW170817,V,57985.990193,20.41,0.08,Magellan,20.41,57985.990193
439,439,GW170817,i,57985.990193,18.91,0.04,Magellan,1.9259999999999984,2.940192999994906
440,440,GW170817,r,57985.990193,19.88,0.05,Magellan,2.7399999999999984,2.940192999994906
441,441,GW170817,B,57985.9951,21.72,0.13,Swope,21.72,57985.9951
442,442,GW170817,z,57986.0,18.38,0.05,Magellan,1.5259999999999998,2.9499999999970896
443,443,GW170817,g,57986.0013,20.77,0.05,Swope,3.4899999999999984,2.600300000005518
444,444,GW170817,r,57986.003,20.18,0.1,Prompt5,3.039999999999999,2.952999999994063
445,445,GW170817,i,57986.0046,18.92,0.05,Swope,1.936,2.954599999997299
446,446,GW170817,r,57986.0076,19.82,0.09,Swope,2.6799999999999997,2.9575999999942724
447,447,GW170817,V,57986.0156,20.55,0.15,NTT,20.55,57986.0156
448,448,GW170817,g,57986.02,20.94,0.06,VLT,3.66,2.6189999999987776
449,449,GW170817,r,57986.02,19.74,0.02,VLT,2.599999999999998,2.969999999993888
450,450,GW170817,z,57986.02,18.3,0.02,VLT,1.4460000000000015,2.969999999993888
451,451,GW170817,H,57986.02851900001,17.69,0.02,Gemini,17.69,57986.02851900001
452,452,GW170817,J,57986.02851900001,17.94,0.02,Gemini,17.94,57986.02851900001
453,453,GW170817,Ks,57986.02851900001,17.62,0.02,Gemini,17.62,57986.02851900001
454,454,GW170817,H,57986.029,17.72,0.04,Gemini-S,17.72,57986.029
455,455,GW170817,J,57986.029,17.93,0.06,Gemini-S,17.93,57986.029
456,456,GW170817,Ks,57986.029,17.61,0.06,Gemini-S,17.61,57986.029
457,457,GW170817,W,57986.0310486,19.8,,MASTER,19.8,57986.0310486
458,458,GW170817,g,57986.03851900001,20.9,0.01,Gemini,3.6199999999999974,2.6375190000107978
459,459,GW170817,i,57986.03851900001,18.93,0.01,Gemini,1.945999999999998,2.9885190000059083
460,460,GW170817,r,57986.03851900001,19.66,0.01,Gemini,2.5199999999999996,2.9885190000059083
461,461,GW170817,z,57986.048519,18.46,0.01,Gemini,1.6060000000000016,2.9985190000006696
462,462,GW170817,V,57986.0531,20.68,0.31,NTT,20.68,57986.0531
463,463,GW170817,B,57986.18021900001,19.37,,Swift,19.37,57986.18021900001
464,464,GW170817,V,57986.190519,18.95,,Swift,18.95,57986.190519
465,465,GW170817,i,57986.23556,17.8,,PAN-STARRS,0.815999999999999,3.185559999998077
466,466,GW170817,y,57986.23556,17.7,,PAN-STARRS,17.7,57986.23556
467,467,GW170817,z,57986.23556,18.1,0.3,PAN-STARRS,1.2460000000000022,3.185559999998077
468,468,GW170817,I,57986.35851900001,19.0,0.1,SSO,19.0,57986.35851900001
469,469,GW170817,R,57986.35851900001,19.64,0.09,SSO,19.64,57986.35851900001
470,470,GW170817,r,57986.4944444,19.86,0.21,zadko,2.719999999999999,3.444444399996428
471,471,GW170817,i,57986.65057467,18.38,,AST3-2,1.3959999999999972,3.6005746699956944
472,472,GW170817,H,57986.709,17.77,0.04,IRSF,17.77,57986.709
473,473,GW170817,J,57986.709,18.13,0.12,IRSF,18.13,57986.709
474,474,GW170817,Ks,57986.709,17.57,0.07,IRSF,17.57,57986.709
475,475,GW170817,r,57986.715,20.3,0.31,LCO 1m,3.16,3.664999999993597
476,476,GW170817,W,57986.7179468,20.0,,MASTER,20.0,57986.7179468
477,477,GW170817,I,57986.71851900001,19.23,0.1,SAAO,19.23,57986.71851900001
478,478,GW170817,R,57986.71851900001,19.94,0.06,SAAO,19.94,57986.71851900001
479,479,GW170817,R,57986.75820140001,19.5,,MASTER,19.5,57986.75820140001
480,480,GW170817,B,57986.8097176,19.0,,MASTER,19.0,57986.8097176
481,481,GW170817,I,57986.96851900001,19.22,0.1,CTIO,19.22,57986.96851900001
482,482,GW170817,R,57986.96851900001,20.12,0.08,CTIO,20.12,57986.96851900001
483,483,GW170817,r,57986.96900000001,20.25,0.28,LCO 1m,3.1099999999999994,3.919000000008964
484,484,GW170817,R,57986.97,20.238,0.058,VLT,20.238,57986.97
485,485,GW170817,Y,57986.971,18.08,0.02,du Pont,18.08,57986.971
486,486,GW170817,H,57986.97337962963,17.92,0.1,,17.92,57986.97337962963
487,487,GW170817,H,57986.97426,18.02,0.1,LaSilla,18.02,57986.97426
488,488,GW170817,J,57986.97426,18.17,0.07,LaSilla,18.17,57986.97426
489,489,GW170817,K,57986.97426,17.53,0.11,LaSilla,17.53,57986.97426
490,490,GW170817,g,57986.97426,21.58,0.22,LaSilla,4.299999999999997,3.573260000004666
491,491,GW170817,i,57986.97426,19.51,0.04,LaSilla,2.526,3.9242599999997765
492,492,GW170817,r,57986.97426,20.53,0.05,LaSilla,3.3900000000000006,3.9242599999997765
493,493,GW170817,z,57986.97426,19.07,0.06,LaSilla,2.216000000000001,3.9242599999997765
494,494,GW170817,Y,57986.97524169999,18.3533040928,0.030046328553,,18.3533040928,57986.97524169999
495,495,GW170817,z,57986.977667299994,18.8080891149,0.02695136163562,,1.9540891149000004,3.927667299991299
496,496,GW170817,Ks,57986.97900000001,17.6,0.02,VISTA,17.6,57986.97900000001
497,497,GW170817,z,57986.98,18.73,0.01,VLT,1.8760000000000012,3.930000000000291
498,498,GW170817,i,57986.9800763,19.2227146535,0.02611066364563,,2.238714653499997,3.9300762999992003
499,499,GW170817,R,57986.98065972,20.14,0.12,RC-1000,20.14,57986.98065972
500,500,GW170817,H,57986.983,17.83,0.02,du Pont,17.83,57986.983
501,501,GW170817,r,57986.9836909,20.2519395671,0.048513368626300006,,3.1119395670999985,3.9336908999976004
502,502,GW170817,i,57986.9885,19.39,0.04,Swope,2.405999999999999,3.9384999999965657
503,503,GW170817,J,57986.989,18.08,0.03,VISTA,18.08,57986.989
504,504,GW170817,Y,57986.989,18.07,0.02,VISTA,18.07,57986.989
505,505,GW170817,r,57986.989,19.86,0.01,VLT,2.719999999999999,3.9389999999984866
506,506,GW170817,g,57986.9909464,21.730717359899998,0.11150905857389999,,4.450717359899997,3.5899464000031003
507,507,GW170817,w,57986.992,20.64,0.09,LCO 1m,20.64,57986.992
508,508,GW170817,r,57986.9965,20.58,0.12,Swope,3.4399999999999977,3.9464999999981956
509,509,GW170817,J,57986.998,18.1,0.02,du Pont,18.1,57986.998
510,510,GW170817,V,57987.0,21.85,0.22,Magellan,21.85,57987.0
511,511,GW170817,z,57987.0,18.927,0.027000000000000003,VLT,2.0730000000000004,3.9499999999970896
512,512,GW170817,r,57987.004,20.92,0.12,Prompt5,3.780000000000001,3.9539999999979045
513,513,GW170817,g,57987.0044,21.75,0.1,Swope,4.469999999999999,3.603399999999965
514,514,GW170817,I,57987.01,19.284,0.055,VLT,19.284,57987.01
515,515,GW170817,g,57987.0192,21.78,0.06,Magellan,4.5,3.6182000000044354
516,516,GW170817,B,57987.02,22.729,0.128,VLT,22.729,57987.02
517,517,GW170817,V,57987.02,21.082,0.054000000000000006,VLT,21.082,57987.02
518,518,GW170817,B,57987.0217,22.52,0.14,Magellan,22.52,57987.0217
519,519,GW170817,I,57987.035112,18.67,0.04,Magellan,18.67,57987.035112
520,520,GW170817,R,57987.035112,20.19,,Magellan,20.19,57987.035112
521,521,GW170817,V,57987.035112,21.83,,Magellan,21.83,57987.035112
522,522,GW170817,i,57987.035112,19.43,0.04,Magellan,2.445999999999998,3.9851119999948423
523,523,GW170817,r,57987.035112,21.0,,Magellan,3.8599999999999994,3.9851119999948423
524,524,GW170817,z,57987.035112,18.75,0.08,Magellan,1.8960000000000008,3.9851119999948423
525,525,GW170817,Ks,57987.039,17.72,0.09,Gemini-S,17.72,57987.039
526,526,GW170817,H,57987.049000000006,18.02,0.07,Gemini-S,18.02,57987.049000000006
527,527,GW170817,J,57987.049000000006,18.15,0.06,Gemini-S,18.15,57987.049000000006
528,528,GW170817,z,57987.23556,18.8,,PAN-STARRS,1.9460000000000015,4.185559999998077
529,529,GW170817,F110W,57987.319,18.26,0.01,HST,18.26,57987.319
530,530,GW170817,F110W,57987.32051900001,18.429,0.026,HST,18.429,57987.32051900001
531,531,GW170817,r,57987.358,20.69,0.33,LCO 1m,3.5500000000000007,4.307999999997264
532,532,GW170817,I,57987.35851900001,19.52,0.13,SSO,19.52,57987.35851900001
533,533,GW170817,R,57987.35851900001,20.33,0.05,SSO,20.33,57987.35851900001
534,534,GW170817,r,57987.38150463,20.51,,skymapper,3.370000000000001,4.331504629997653
535,535,GW170817,g,57987.38291667,20.6,,skymapper,3.3200000000000003,3.9819166700035566
536,536,GW170817,r,57987.39453704,20.47,,skymapper,3.3299999999999983,4.344537040000432
537,537,GW170817,g,57987.39592593,20.66,,skymapper,3.379999999999999,3.9949259300046833
538,538,GW170817,F160W,57987.45200000001,18.063,0.03,HST,18.063,57987.45200000001
539,539,GW170817,F160W,57987.453519,18.116,0.032,HST,18.116,57987.453519
540,540,GW170817,U,57987.47461900001,20.85,,Swift,20.85,57987.47461900001
541,541,GW170817,M2,57987.48181900001,22.47,,Swift,22.47,57987.48181900001
542,542,GW170817,r,57987.49027778,20.2,0.23,zadko,3.0599999999999987,4.440277779998723
543,543,GW170817,H,57987.709,17.94,0.05,IRSF,17.94,57987.709
544,544,GW170817,J,57987.709,18.31,0.06,IRSF,18.31,57987.709
545,545,GW170817,Ks,57987.709,17.68,0.04,IRSF,17.68,57987.709
546,546,GW170817,I,57987.71851900001,19.68,0.1,SAAO,19.68,57987.71851900001
547,547,GW170817,R,57987.71851900001,20.64,0.07,SAAO,20.64,57987.71851900001
548,548,GW170817,F336W,57987.849,24.97,0.11,HST,24.97,57987.849
549,549,GW170817,F336W,57987.849,25.05,0.11,HST,25.05,57987.849
550,550,GW170817,F336W,57987.879,25.18,0.11,HST,25.18,57987.879
551,551,GW170817,r,57987.96900000001,20.39,0.03,VLT,3.25,4.919000000008964
552,552,GW170817,z,57987.9714,19.08,0.12,Magellan,2.225999999999999,4.921399999999267
553,553,GW170817,Y,57987.974538,18.833124743499997,0.17980536084499998,,18.833124743499997,57987.974538
554,554,GW170817,z,57987.9769536,19.1747243524,0.10596472572660001,,2.320724352399999,4.926953599999251
555,555,GW170817,i,57987.97936340001,19.5525353246,0.18182981007200005,,2.568535324599999,4.929363400005968
556,556,GW170817,r,57987.98297999999,20.793940388,0.242455408336,,3.6539403879999988,4.9329799999904935
557,557,GW170817,g,57987.99,22.507,0.122,VST,5.227,4.588999999999942
558,558,GW170817,g,57987.990237800004,22.0337508274,0.4225510366170001,,4.7537508273999975,4.589237800006231
559,559,GW170817,H,57988.0,17.84,0.2,du Pont,17.84,57988.0
560,560,GW170817,Y,57988.0,18.33,0.1,du Pont,18.33,57988.0
561,561,GW170817,i,57988.002,20.27,0.12,Swope,3.285999999999998,4.951999999997497
562,562,GW170817,r,57988.02,20.74,0.03,VLT,3.599999999999998,4.969999999993888
563,563,GW170817,z,57988.02,19.16,0.03,VLT,2.306000000000001,4.969999999993888
564,564,GW170817,y,57988.23354,18.95,0.44,PAN-STARRS,18.95,57988.23354
565,565,GW170817,R,57988.35851900001,20.95,0.07,SSO,20.95,57988.35851900001
566,566,GW170817,I,57988.368519,19.99,0.14,SSO,19.99,57988.368519
567,567,GW170817,B,57988.43831900001,19.5,,Swift,19.5,57988.43831900001
568,568,GW170817,V,57988.44461900001,18.54,,Swift,18.54,57988.44461900001
569,569,GW170817,r,57988.48055556,20.6,,zadko,3.460000000000001,5.430555560000357
570,570,GW170817,I,57988.728519,20.31,0.11,SAAO,20.31,57988.728519
571,571,GW170817,H,57988.72900000001,18.12,0.04,IRSF,18.12,57988.72900000001
572,572,GW170817,H,57988.72900000001,18.6,0.18,IRSF,18.6,57988.72900000001
573,573,GW170817,J,57988.72900000001,18.36,0.05,IRSF,18.36,57988.72900000001
574,574,GW170817,J,57988.72900000001,18.65,0.19,IRSF,18.65,57988.72900000001
575,575,GW170817,Ks,57988.72900000001,17.69,0.03,IRSF,17.69,57988.72900000001
576,576,GW170817,Ks,57988.72900000001,18.01,0.1,IRSF,18.01,57988.72900000001
577,577,GW170817,i,57988.97,20.329,0.08900000000000001,VST,3.344999999999999,5.919999999998254
578,578,GW170817,Y,57988.97428130001,19.0624107404,0.306419801087,,19.0624107404,57988.97428130001
579,579,GW170817,J8.9,57988.97900000001,8.26,,VLT,8.26,57988.97900000001
580,580,GW170817,I,57988.98,20.142,0.07200000000000001,VLT,20.142,57988.98
581,581,GW170817,r,57988.98,21.31,0.075,VST,4.169999999999998,5.930000000000291
582,582,GW170817,z,57988.98,19.627,0.039,VLT,2.7729999999999997,5.930000000000291
583,583,GW170817,r,57988.9853815,20.9476144582,0.352448546056,,3.8076144581999998,5.935381499999494
584,584,GW170817,Ks,57988.989,17.84,0.03,VISTA,17.84,57988.989
585,585,GW170817,g,57988.99624090001,22.0821886958,0.515485013851,,4.802188695799998,5.59524090000923
586,586,GW170817,J,57988.999,18.74,0.04,VISTA,18.74,57988.999
587,587,GW170817,Y,57988.999,18.71,0.04,VISTA,18.71,57988.999
588,588,GW170817,R,57989.0,21.268,0.106,VLT,21.268,57989.0
589,589,GW170817,B,57989.02,23.807,0.251,VLT,23.807,57989.02
590,590,GW170817,V,57989.02,22.361,0.158,VLT,22.361,57989.02
591,591,GW170817,y,57989.23024,19.31,0.43,PAN-STARRS,19.31,57989.23024
592,592,GW170817,I,57989.2344,20.83,0.09,Keck,20.83,57989.2344
593,593,GW170817,g,57989.2347,22.2,,Keck,4.919999999999998,5.833700000002864
594,594,GW170817,I,57989.368519,20.39,0.12,SSO,20.39,57989.368519
595,595,GW170817,H,57989.699,18.51,0.05,IRSF,18.51,57989.699
596,596,GW170817,H,57989.699,18.53,0.17,IRSF,18.53,57989.699
597,597,GW170817,J,57989.699,18.95,0.32,IRSF,18.95,57989.699
598,598,GW170817,J,57989.699,18.98,0.08,IRSF,18.98,57989.699
599,599,GW170817,Ks,57989.699,17.95,0.04,IRSF,17.95,57989.699
600,600,GW170817,Ks,57989.699,18.02,0.12,IRSF,18.02,57989.699
601,601,GW170817,I,57989.728519,20.89,0.13,SAAO,20.89,57989.728519
602,602,GW170817,F110W,57989.769,19.06,0.01,HST,19.06,57989.769
603,603,GW170817,F110W,57989.77051900001,19.372,0.045,HST,19.372,57989.77051900001
604,604,GW170817,H,57989.96609953704,18.790000000000006,0.14,,18.790000000000006,57989.96609953704
605,605,GW170817,K,57989.96900000001,18.06,0.17,CTIO1.3m,18.06,57989.96900000001
606,606,GW170817,z,57989.9698,19.87,0.07,Magellan,3.016000000000002,6.91979999999603
607,607,GW170817,Y,57989.973353199995,19.4392828251,0.0486636275689,,19.4392828251,57989.973353199995
608,608,GW170817,Ks,57989.97900000001,17.95,0.04,VISTA,17.95,57989.97900000001
609,609,GW170817,z,57989.979392299996,19.8866873692,0.0483324550366,,3.0326873692000014,6.9293922999931965
610,610,GW170817,i,57989.9818097,20.5421156049,0.0505708603034,,3.5581156048999993,6.931809699999576
611,611,GW170817,I,57989.981846,20.37,,Magellan,20.37,57989.981846
612,612,GW170817,i,57989.981846,21.44,0.2,Magellan,4.4559999999999995,6.931845999999496
613,613,GW170817,z,57989.981846,19.91,0.07,Magellan,3.056000000000001,6.931845999999496
614,614,GW170817,H,57989.98317000001,18.74,0.06,LaSilla,18.74,57989.98317000001
615,615,GW170817,J,57989.98317000001,19.26,0.28,LaSilla,19.26,57989.98317000001
616,616,GW170817,K,57989.98317000001,18.04,0.12,LaSilla,18.04,57989.98317000001
617,617,GW170817,g,57989.98317000001,20.5,,LaSilla,3.219999999999999,6.582170000008773
618,618,GW170817,i,57989.98317000001,20.5,,LaSilla,3.5159999999999982,6.933170000003884
619,619,GW170817,r,57989.98317000001,20.6,,LaSilla,3.460000000000001,6.933170000003884
620,620,GW170817,z,57989.98317000001,19.7,,LaSilla,2.846,6.933170000003884
621,621,GW170817,r,57989.986635,21.2261086792,0.10735256836110002,,4.086108679199999,6.936634999998205
622,622,GW170817,J,57989.989,19.07,0.08,VISTA,19.07,57989.989
623,623,GW170817,i,57989.9897,21.42,0.18,Swope,4.436,6.939699999995355
624,624,GW170817,J,57989.99,18.99,0.04,du Pont,18.99,57989.99
625,625,GW170817,r,57989.99559028,21.0,,RC-1000,3.8599999999999994,6.945590279996395
626,626,GW170817,g,57989.9974806,23.2762307856,0.343197160673,,5.996230785599998,6.596480600004725
627,627,GW170817,Y,57989.999,19.24,0.07,VISTA,19.24,57989.999
628,628,GW170817,r,57990.004,20.89,,Prompt5,3.75,6.9539999999979045
629,629,GW170817,B,57990.0302,23.85,0.31,Magellan,23.85,57990.0302
630,630,GW170817,i,57990.03851900001,20.91,0.03,Gemini,3.9259999999999984,6.988519000005908
631,631,GW170817,r,57990.03851900001,21.74,0.04,Gemini,4.599999999999998,6.988519000005908
632,632,GW170817,z,57990.22900000001,20.21,0.04,Subaru,3.3560000000000016,7.179000000003725
633,633,GW170817,y,57990.22962000001,18.9,,PAN-STARRS,18.9,57990.22962000001
634,634,GW170817,F606W,57990.584519,22.494,0.17,HST,22.494,57990.584519
635,635,GW170817,F475W,57990.645,23.14,0.02,HST,23.14,57990.645
636,636,GW170817,F475W,57990.64651900001,23.664,0.42,HST,23.664,57990.64651900001
637,637,GW170817,H,57990.96775,19.26,0.26,LaSilla,19.26,57990.96775
638,638,GW170817,J,57990.96775,19.64,0.11,LaSilla,19.64,57990.96775
639,639,GW170817,K,57990.96775,18.35,0.16,LaSilla,18.35,57990.96775
640,640,GW170817,g,57990.96775,22.2,,LaSilla,4.919999999999998,7.566750000005413
641,641,GW170817,i,57990.96775,21.1,,LaSilla,4.116,7.917750000000524
642,642,GW170817,r,57990.96775,21.7,,LaSilla,4.559999999999999,7.917750000000524
643,643,GW170817,z,57990.96775,21.5,,LaSilla,4.646000000000001,7.917750000000524
644,644,GW170817,z,57990.972,20.28,0.03,VLT,3.426000000000002,7.921999999998661
645,645,GW170817,z,57990.972,20.4,0.07,Magellan,3.5459999999999994,7.921999999998661
646,646,GW170817,Y,57990.97316159999,20.0552378993,0.06912661997639999,,20.0552378993,57990.97316159999
647,647,GW170817,J,57990.97900000001,19.69,0.09,VISTA,19.69,57990.97900000001
648,648,GW170817,K,57990.97900000001,18.44,0.18,CTIO1.3m,18.44,57990.97900000001
649,649,GW170817,Ks,57990.97900000001,18.25,0.03,VISTA,18.25,57990.97900000001
650,650,GW170817,g,57990.97993,21.0,,NTT,3.719999999999999,7.578930000003311
651,651,GW170817,i,57990.97993,21.1,,NTT,4.116,7.929929999998421
652,652,GW170817,r,57990.97993,21.4,,NTT,4.259999999999998,7.929929999998421
653,653,GW170817,z,57990.97993,20.4,,NTT,3.5459999999999994,7.929929999998421
654,654,GW170817,H,57990.98,19.22,0.18,,19.22,57990.98
655,655,GW170817,z,57990.98282309999,20.3992008192,0.0570039787715,,3.5452008192000015,7.932823099989037
656,656,GW170817,i,57990.987654799996,20.7238575438,0.057474359032,,3.7398575437999995,7.9376547999927425
657,657,GW170817,Y,57990.989,19.67,0.09,VISTA,19.67,57990.989
658,658,GW170817,r,57990.989,21.75,0.05,VLT,4.609999999999999,7.938999999998487
659,659,GW170817,I,57990.99,21.133000000000006,0.119,VLT,21.133000000000006,57990.99
660,660,GW170817,z,57990.99,20.606,0.092,VLT,3.7520000000000024,7.939999999995052
661,661,GW170817,r,57990.99728790001,21.951982115,0.17998380072099998,,4.811982114999999,7.947287900009542
662,662,GW170817,J,57991.0,19.3,0.1,du Pont,19.3,57991.0
663,663,GW170817,R,57991.0,22.501,0.24,VLT,22.501,57991.0
664,664,GW170817,r,57991.004,20.37,,Prompt5,3.2300000000000004,7.9539999999979045
665,665,GW170817,V,57991.01,23.152,0.256,VLT,23.152,57991.01
666,666,GW170817,g,57991.03400000001,22.64,,Magellan,5.359999999999999,7.633000000008906
667,667,GW170817,H,57991.709,18.83,0.23,IRSF,18.83,57991.709
668,668,GW170817,H,57991.709,18.9,0.09,IRSF,18.9,57991.709
669,669,GW170817,J,57991.709,18.87,,IRSF,18.87,57991.709
670,670,GW170817,J,57991.709,19.32,0.08,IRSF,19.32,57991.709
671,671,GW170817,Ks,57991.709,18.25,0.21,IRSF,18.25,57991.709
672,672,GW170817,Ks,57991.709,18.34,0.06,IRSF,18.34,57991.709
673,673,GW170817,F160W,57991.956,19.6,0.06,HST,19.6,57991.956
674,674,GW170817,F160W,57991.95651900001,19.769,0.07400000000000001,HST,19.769,57991.95651900001
675,675,GW170817,H,57991.959,19.68,0.08,Gemini-S,19.68,57991.959
676,676,GW170817,J,57991.959,20.57,0.2,Gemini-S,20.57,57991.959
677,677,GW170817,Ks,57991.959,18.5,0.08,Gemini-S,18.5,57991.959
678,678,GW170817,K,57991.96900000001,18.43,0.17,CTIO1.3m,18.43,57991.96900000001
679,679,GW170817,H,57991.9694,19.66,0.14,LaSilla,19.66,57991.9694
680,680,GW170817,J,57991.9694,20.23,0.1,LaSilla,20.23,57991.9694
681,681,GW170817,K,57991.9694,18.46,0.2,LaSilla,18.46,57991.9694
682,682,GW170817,H,57991.97,19.21,0.05,du Pont,19.21,57991.97
683,683,GW170817,z,57991.974,20.85,0.04,VLT,3.996000000000002,8.923999999999069
684,684,GW170817,Y,57991.974217999996,20.7763902728,0.10555911945710003,,20.7763902728,57991.974217999996
685,685,GW170817,H,57991.97770833332,19.62,0.15,,19.62,57991.97770833332
686,686,GW170817,J,57991.97900000001,20.06,0.14,VISTA,20.06,57991.97900000001
687,687,GW170817,Ks,57991.97900000001,18.49,0.05,VISTA,18.49,57991.97900000001
688,688,GW170817,Y,57991.989,20.09,0.14,VISTA,20.09,57991.989
689,689,GW170817,r,57991.989,19.9,,Prompt5,2.759999999999998,8.938999999998487
690,690,GW170817,r,57991.989,22.2,0.04,VLT,5.059999999999999,8.938999999998487
691,691,GW170817,z,57991.991,20.69,0.11,VLT,3.836000000000002,8.940999999998894
692,692,GW170817,z,57991.9944411,21.188377312100002,0.0697123513511,,4.334377312100003,8.944441100000404
693,693,GW170817,i,57991.99966980001,21.3695098621,0.056551354545999986,,4.3855098620999975,8.949669800007541
694,694,GW170817,Ks,57992.099,17.99,,APO,17.99,57992.099
695,695,GW170817,Ks,57992.11900000001,17.64,,Palomar5m,17.64,57992.11900000001
696,696,GW170817,F110W,57992.2819,20.5723,0.04,HST,20.5723,57992.2819
697,697,GW170817,F160W,57992.2965,19.8863,0.04,HST,19.8863,57992.2965
698,698,GW170817,F336W,57992.3478,26.91800000000001,0.27,HST,26.91800000000001,57992.3478
699,699,GW170817,F475W,57992.4335,23.955,0.06,HST,23.955,57992.4335
700,700,GW170817,F625W,57992.498,22.88300000000001,0.07,HST,22.88300000000001,57992.498
701,701,GW170817,F775W,57992.5606,22.346,0.08,HST,22.346,57992.5606
702,702,GW170817,F850W,57992.5732,21.527,0.05,HST,21.527,57992.5732
703,703,GW170817,Ks,57992.959,18.77,0.07,Gemini-S,18.77,57992.959
704,704,GW170817,H,57992.96900000001,19.63,0.08,Gemini-S,19.63,57992.96900000001
705,705,GW170817,J,57992.96900000001,21.33,0.3,Gemini-S,21.33,57992.96900000001
706,706,GW170817,K,57992.96900000001,18.91,0.19,CTIO1.3m,18.91,57992.96900000001
707,707,GW170817,Y,57992.9746958,21.6704354446,0.206240207261,,21.6704354446,57992.9746958
708,708,GW170817,J,57992.97527,21.02,0.22,NTT,21.02,57992.97527
709,709,GW170817,K,57992.977893518524,18.43,0.25,,18.43,57992.977893518524
710,710,GW170817,Ks,57992.97900000001,18.74,0.06,VISTA,18.74,57992.97900000001
711,711,GW170817,z,57992.98,22.014,0.214,VLT,5.16,9.930000000000291
712,712,GW170817,H,57992.98133101853,20.040000000000006,0.15,,20.040000000000006,57992.98133101853
713,713,GW170817,H,57992.984000000004,19.34,0.09,du Pont,19.34,57992.984000000004
714,714,GW170817,z,57992.9867745,22.0612285601,0.128558273522,,5.207228560100003,9.936774499998137
715,715,GW170817,J,57992.989,20.94,0.35,VISTA,20.94,57992.989
716,716,GW170817,r,57992.989,22.45,0.07,VLT,5.309999999999999,9.938999999998487
717,717,GW170817,I,57992.99,22.052,0.289,VLT,22.052,57992.99
718,718,GW170817,i,57993.000021399996,22.3838801057,0.1030049460674,,5.399880105699999,9.950021399992693
719,719,GW170817,R,57993.01,23.379,0.277,VLT,23.379,57993.01
720,720,GW170817,V,57993.01,23.761,0.28,VLT,23.761,57993.01
721,721,GW170817,H,57993.01593,20.17,0.34,LaSilla,20.17,57993.01593
722,722,GW170817,K,57993.01593,18.71,0.22,LaSilla,18.71,57993.01593
723,723,GW170817,F110W,57993.07900000001,20.82,0.02,HST,20.82,57993.07900000001
724,724,GW170817,F110W,57993.08151900001,21.371,0.119,HST,21.371,57993.08151900001
725,725,GW170817,F160W,57993.148,20.279,0.09,HST,20.279,57993.148
726,726,GW170817,F160W,57993.148519,20.454,0.1,HST,20.454,57993.148519
727,727,GW170817,r,57993.38695602,19.36,,skymapper,2.219999999999999,10.336956019993522
728,728,GW170817,g,57993.38834491,19.53,,skymapper,2.25,9.98734491000505
729,729,GW170817,r,57993.39990741,19.39,,skymapper,2.25,10.349907409996376
730,730,GW170817,g,57993.40130787,19.5,,skymapper,2.219999999999999,10.000307870002871
731,731,GW170817,H,57993.699,18.43,,IRSF,18.43,57993.699
732,732,GW170817,H,57993.699,19.53,0.21,IRSF,19.53,57993.699
733,733,GW170817,J,57993.699,18.37,,IRSF,18.37,57993.699
734,734,GW170817,Ks,57993.699,18.48,,IRSF,18.48,57993.699
735,735,GW170817,Ks,57993.699,18.64,0.12,IRSF,18.64,57993.699
736,736,GW170817,F606W,57993.813519,23.77,0.375,HST,23.77,57993.813519
737,737,GW170817,F475W,57993.82900000001,24.08,0.05,HST,24.08,57993.82900000001
738,738,GW170817,F475W,57993.836519,24.747,0.695,HST,24.747,57993.836519
739,739,GW170817,F475W,57993.94,23.96,0.05,HST,23.96,57993.94
740,740,GW170817,F475W,57993.94751900001,24.555,0.639,HST,24.555,57993.94751900001
741,741,GW170817,F814W,57993.957,22.32,0.02,HST,22.32,57993.957
742,742,GW170817,F814W,57993.95851900001,22.584,0.339,HST,22.584,57993.95851900001
743,743,GW170817,H,57993.96019,20.05,0.2,NTT,20.05,57993.96019
744,744,GW170817,F606W,57993.96751900001,23.665,0.35700000000000004,HST,23.665,57993.96751900001
745,745,GW170817,F606W,57993.96900000001,23.09,0.03,HST,23.09,57993.96900000001
746,746,GW170817,K,57993.96900000001,19.11,,CTIO1.3m,19.11,57993.96900000001
747,747,GW170817,Ks,57993.978519,18.99,0.05,Gemini,18.99,57993.978519
748,748,GW170817,Ks,57993.97900000001,19.41,0.09,Gemini-S,19.41,57993.97900000001
749,749,GW170817,z,57993.98,22.815,0.471,VLT,5.961000000000002,10.930000000000291
750,750,GW170817,K,57993.983344907414,19.03,0.17,,19.03,57993.983344907414
751,751,GW170817,H,57993.98851900001,20.24,0.18,Gemini,20.24,57993.98851900001
752,752,GW170817,J,57993.98851900001,20.35,0.12,Gemini,20.35,57993.98851900001
753,753,GW170817,H,57993.989,20.63,,Gemini-S,20.63,57993.989
754,754,GW170817,J,57993.989,21.07,,Gemini-S,21.07,57993.989
755,755,GW170817,J,57993.989,21.16,0.4,VISTA,21.16,57993.989
756,756,GW170817,H,57993.997,19.64,0.14,NTT,19.64,57993.997
757,757,GW170817,I,57994.0,23.0,0.309,VLT,23.0,57994.0
758,758,GW170817,F225W,57994.029,26.04,,HST,26.04,57994.029
759,759,GW170817,F275W,57994.029,26.13,,HST,26.13,57994.029
760,760,GW170817,F336W,57994.029,26.37,,HST,26.37,57994.029
761,761,GW170817,Ks,57994.962,19.36,0.09,Magellan,19.36,57994.962
762,762,GW170817,Ks,57994.96900000001,19.44,0.08,Gemini-S,19.44,57994.96900000001
763,763,GW170817,r,57994.96900000001,23.12,0.31,VLT,5.98,11.919000000008964
764,764,GW170817,K,57994.97545138888,19.42,0.16,,19.42,57994.97545138888
765,765,GW170817,H,57994.978519,20.57,0.19,Gemini,20.57,57994.978519
766,766,GW170817,Ks,57994.978519,19.46,0.04,Gemini,19.46,57994.978519
767,767,GW170817,H,57994.97900000001,20.99,0.21,Gemini-S,20.99,57994.97900000001
768,768,GW170817,Ks,57994.985,19.32,0.09,NTT,19.32,57994.985
769,769,GW170817,J,57994.989,21.55,,Gemini-S,21.55,57994.989
770,770,GW170817,Ks,57994.989,19.34,0.08,VISTA,19.34,57994.989
771,771,GW170817,g,57995.38811343,19.36,,skymapper,2.0799999999999983,11.987113430004683
772,772,GW170817,r,57995.38949074,19.32,,skymapper,2.1799999999999997,12.339490739999746
773,773,GW170817,g,57995.40107639,19.24,,skymapper,1.9599999999999973,12.000076390002505
774,774,GW170817,Ks,57995.959,19.84,0.09,Gemini-S,19.84,57995.959
775,775,GW170817,K,57995.96075,19.67,0.14,NTT,19.67,57995.96075
776,776,GW170817,H,57995.962,20.5,,Magellan,20.5,57995.962
777,777,GW170817,z,57995.96900000001,22.3,0.28,VLT,5.4460000000000015,12.919000000008964
778,778,GW170817,K,57995.969733796286,19.63,0.23,,19.63,57995.969733796286
779,779,GW170817,Ks,57995.977999999996,19.52,0.09,Magellan,19.52,57995.977999999996
780,780,GW170817,H,57995.978519,21.01,0.14,Gemini,21.01,57995.978519
781,781,GW170817,H,57995.97900000001,21.48,0.3,Gemini-S,21.48,57995.97900000001
782,782,GW170817,J,57995.989,21.94,,Gemini-S,21.94,57995.989
783,783,GW170817,Ks,57995.99,19.43,0.09,NTT,19.43,57995.99
784,784,GW170817,Ks,57996.799000000006,19.35,0.04,Subaru,19.35,57996.799000000006
785,785,GW170817,Ks,57996.959,20.06,0.1,Gemini-S,20.06,57996.959
786,786,GW170817,J8.9,57996.96900000001,7.74,,VLT,7.74,57996.96900000001
787,787,GW170817,K,57996.974432870375,19.9,0.21,,19.9,57996.974432870375
788,788,GW170817,Ks,57996.978519,19.93,0.03,Gemini,19.93,57996.978519
789,789,GW170817,z,57996.98,23.342,0.368,VLT,6.4879999999999995,13.930000000000291
790,790,GW170817,Ks,57996.989,20.02,0.13,VISTA,20.02,57996.989
791,791,GW170817,H,57996.999,21.63,0.36,Gemini-S,21.63,57996.999
792,792,GW170817,i,57997.00900000001,23.2,,Gemini-S,6.2159999999999975,13.959000000009837
793,793,GW170817,Ks,57997.799000000006,19.97,0.05,Subaru,19.97,57997.799000000006
794,794,GW170817,J8.9,57997.96900000001,7.57,,VLT,7.57,57997.96900000001
795,795,GW170817,Ks,57997.9697,20.23,0.1,Magellan,20.23,57997.9697
796,796,GW170817,K,57997.97565972223,20.13,0.25,,20.13,57997.97565972223
797,797,GW170817,Ks,57997.978519,20.06,0.05,Gemini,20.06,57997.978519
798,798,GW170817,Ks,57997.97900000001,20.43,0.13,Gemini-S,20.43,57997.97900000001
799,799,GW170817,i,57998.029,23.4,,Gemini-S,6.415999999999997,14.97899999999936
800,800,GW170817,K,57998.97474537037,20.43,0.30000000000000004,,20.43,57998.97474537037
801,801,GW170817,Ks,57998.978519,20.31,0.08,Gemini,20.31,57998.978519
802,802,GW170817,Ks,57998.97900000001,20.95,0.18,Gemini-S,20.95,57998.97900000001
803,803,GW170817,r,57998.999,21.18,,Gemini-S,4.039999999999999,15.949000000000524
804,804,GW170817,Ks,57999.97900000001,20.77,0.13,VLT,20.77,57999.97900000001
805,805,GW170817,Ks,57999.989,19.92,,Gemini-S,19.92,57999.989
806,806,GW170817,Ks,58000.008519,20.61,0.09,Gemini,20.61,58000.008519
807,807,GW170817,r,58000.00900000001,21.98,,Gemini-S,4.84,16.959000000009837
808,808,GW170817,Ks,58000.96,20.81,0.13,Magellan,20.81,58000.96
809,809,GW170817,K,58000.96635,20.76,0.35,NTT,20.76,58000.96635
810,810,GW170817,K,58000.978298611124,20.84,0.26,,20.84,58000.978298611124
811,811,GW170817,Ks,58000.97900000001,21.04,0.09,Gemini-S,21.04,58000.97900000001
812,812,GW170817,Ks,58000.99,20.93,0.17,Magellan,20.93,58000.99
813,813,GW170817,i,58000.999,21.9,,Gemini-S,4.915999999999997,17.949000000000524
814,814,GW170817,Ks,58001.98851900001,20.85,0.13,Gemini,20.85,58001.98851900001
815,815,GW170817,Ks,58001.989,21.23,0.37,Gemini-S,21.23,58001.989
816,816,GW170817,z,58001.992,23.37,0.48,VLT,6.516000000000002,18.94199999999546
817,817,GW170817,H,58002.97900000001,21.22,,Gemini-S,21.22,58002.97900000001
818,818,GW170817,J8.9,58002.97900000001,7.42,,VLT,7.42,58002.97900000001
819,819,GW170817,Ks,58003.96900000001,21.46,0.08,VLT,21.46,58003.96900000001
820,820,GW170817,Ks,58003.989,21.48,,Gemini-S,21.48,58003.989
821,821,GW170817,Ks,58007.96900000001,22.06,0.22,VLT,22.06,58007.96900000001
822,822,GW170817,J,58007.989,20.21,,Gemini-S,20.21,58007.989
823,823,GW170817,Ks,58010.96900000001,19.96,,Gemini-S,19.96,58010.96900000001
824,824,GW170817,Ks,58011.96900000001,20.6,,Gemini-S,20.6,58011.96900000001
