phase,167.1616,157.6685,151.0451,145.5886,140.8052,136.469,132.4543,128.6823,125.0997,121.6683,118.3595,115.1508,112.0244,108.9657,105.9621,103.003,100.0787,97.1808,94.3013,91.4326,88.5675,85.6989,82.8193,79.9214,76.9972,74.038,71.0345,67.9757,64.8494,61.6407,58.3318,54.9004,51.3179,47.5459,43.5312,39.195,34.4115,28.955,22.3317,12.8386
0.05,0.0,0.0,0.0,0.0,0.0,0.0,0.0,0.0,0.0,0.0,0.0,0.0,0.0,0.0,0.0,0.0,0.0,0.0,0.0,0.0,0.0,0.0,0.0,0.0,0.0,0.0,0.0,0.0,0.0,0.0,0.0,0.0,0.0,0.0,0.0,0.0,0.0,0.0,0.0,0.0
0.15000000000000002,335.51875816,129.87312624,212.2213072,99.2021142,214.3462038,218.9595574,0.5638116000000001,0.32352768000000004,294.01115840000006,39.7262,368.00978704000005,0.7717248,0.0,184.3422084,0.0,139.65349272,43.61304776,0.0,0.8771688,163.2296232,126.06795419999999,133.23648408,155.60662924,28.694988,137.7808764,587.59644576,149.25901095999998,331.33367552,193.96574560000002,39.06582644,0.7448998,164.75969536,557.72115904,4.518284599999999,0.0,205.32581724,261.10620343999994,4.01261856,251.26003568000004,0.83162868
0.25000000000000006,101.43872128,249.82822943999997,0.5287686,105.60962776,115.10302368,0.02828196,0.42220212,0.0,0.0,0.0,72.48608928,54.28493316,126.47181856,0.0,305.89379964,0.6684690400000001,29.302311999999997,84.85268456,78.68200352,0.0,83.8009794,22.544803440000003,158.31470544,0.0,0.0,18.567153800000003,0.0,90.16409519999999,0.79628728,20.2816956,0.0,34.181768,0.0,0.21549743999999998,89.33324048,103.60527916000001,93.0696942,123.31024887999999,0.0,109.26932724
0.35000000000000003,262.16536724,77.1829296,143.81108820000003,3.3950048,172.23540736,113.80050688,43.849618199999995,37.66359756,50.3646894,150.55693716000002,0.0,74.5363912,57.907136959999995,104.59674415999999,20.319575999999998,0.0,51.9269934,92.45928708,64.60557668,207.57789424,73.07899968,143.0439446,54.89810983999999,283.97058868,270.84499124,115.65291384,55.67937591999999,147.94738791999998,417.73946695999996,49.14171104,111.02699152000001,261.33890107999997,252.18667876,338.13644548,193.32939924,92.47107768000001,164.849886,117.5770446,247.34799244,211.68401652
0.45000000000000007,103.90254488,49.4625038,281.39949516,63.373457280000004,102.74790583999999,111.16190904000001,190.2345236,66.85844592,58.96448544,209.77408364000001,167.18263028,209.40123524,1.131912,15.718354399999997,56.194929480000006,215.25740908,140.80128764,73.78469008,156.10566992,123.73586988000001,138.53592028,123.63997832000001,65.34639551999999,208.09407240000002,209.97255292,238.2602578,242.68639807999998,206.92780716,148.59194295999998,101.61343964,158.75090656000003,49.186594199999995,307.54898063999997,291.14355664,312.22368176,296.70553884000003,240.87037648,100.43179356,75.16347508,463.28606928
0.5500000000000002,88.77763800000001,98.06504487999999,85.72854948,205.47080432,110.664456,147.09052648,91.638948,68.03859671999999,241.10102075999998,44.82023852000001,53.7591206,281.30959631999997,209.88829604,42.99543264,118.55119055999998,78.97112476000001,132.23914012,188.5413144,140.93214596,187.60917560000001,207.7571044,108.11907952,267.20776040000004,54.71297428,193.96306927999998,115.24826583999997,173.693188,141.96552984000002,54.70966584,255.1347312,50.55180044,166.19541168,301.71075448,406.11856064000006,512.2453176399999,400.21661459999996,388.5517898,358.87999996,457.3440458,474.05740716
0.6500000000000001,102.75686343999999,70.21905656,2.536790568,172.92045112,77.077891676,69.45814172000001,156.728504144,162.731432424,70.43748587600001,96.898360408,171.62797136799998,272.38198935599996,183.349676776,432.091172152,294.172301408,181.452791828,269.97318232,305.70523499600006,165.56006745599998,302.38328697199995,317.534688288,378.39824418800004,353.312088128,282.987172256,268.814201112,260.49467159200003,289.143647352,133.85981506399997,306.824967436,291.003044592,269.73733366,341.856153044,181.77533474799998,279.982495448,411.19274377200003,304.602806408,410.40657662800004,199.778822968,245.49612899999997,318.864163336
0.7500000000000002,85.201310052,132.9665151,172.532925772,136.631350276,136.21631636400002,60.5073752,196.214270716,144.55488458400004,148.030403104,163.53191184399998,193.52940729200003,320.5376322,158.93695515199997,116.96677382399999,179.074634216,77.56085716,87.48469159200002,185.746721592,252.91976736,180.112728788,167.992524072,291.68730570800005,143.037217152,358.63419450799995,289.41723974,157.52066841599998,284.151009456,289.79915330000006,396.23228528,204.15669574,305.00472812,272.11470562,344.27341379200004,499.844961444,321.511082484,320.32209778,293.245351432,390.277163692,172.826852284,201.995203296
0.8500000000000002,71.89170596,190.428584812,105.111336816,95.737513524,170.232625516,247.88305831600002,261.45074489599995,177.386830476,108.091040248,275.23630258,278.404235364,161.03686990399999,305.139063652,341.88129829999997,199.03682272800003,231.64167022,227.87102703199997,410.94415872800005,285.143170576,305.04181250399995,492.39080789599996,104.57438048399999,244.879832304,363.358042452,420.33247282,295.14310322,301.364315024,343.94969689600003,408.44720810399997,292.743836408,415.81232746800003,535.8029009239999,379.25202390799996,410.929823856,301.954139276,355.213448848,298.673242716,502.71094705999997,389.169289788,523.83781348
0.9500000000000002,29.465562188,58.63373354400001,74.171993816,212.079460228,222.8675469,127.38564568,135.25509332800002,267.405526032,297.94129929199994,206.60515955999998,243.30182946,228.559859348,154.312721332,229.70122995199995,343.503421308,267.267982264,198.699672668,247.928497368,274.466788468,167.52145874800001,253.409201124,193.99482376799997,466.33123246400004,317.693102856,151.060442208,311.607035548,231.876955496,334.250818664,201.61389706,228.54100204,275.947625492,282.135620484,374.787647836,290.673455832,262.228127492,268.69450930000005,383.31707038400003,431.81937525599994,423.04409948,437.57052532
1.0500000000000003,38.521516148,197.708299228,112.04005087999998,189.460903788,123.89604097200001,103.51181696400002,140.393937188,204.37162176,193.14245440800002,257.988144676,316.606801056,247.18075561199998,216.499207616,258.60840819199996,235.73008258,305.108258408,427.764344936,329.957236668,290.907204628,435.678743572,278.374574324,471.584102724,377.424622792,516.794022664,311.780596112,333.318589712,441.81248511200005,284.271739284,295.223505864,569.78199376,467.450278684,270.30178161599997,369.954900128,703.061060304,384.539397128,463.88175210399993,673.0913321119999,324.9371,602.48949644,387.199100076
1.1500000000000004,140.516836192,162.402336536,68.34060294,249.130543784,280.685254824,306.21554285599996,158.89936882400002,166.89714223599998,199.971519672,310.86789283999997,255.935090108,279.345333496,81.45843706400001,203.71524939599996,351.71829026,390.71192650800003,263.07932358799997,300.57968866,260.597619384,310.394225404,334.259595044,223.130539804,465.776239972,309.189543572,365.56947115599996,395.630656392,352.54500398,357.66140578,523.54252632,455.05026934,542.21305018,323.137753184,399.17902390399996,423.30152588,467.437866992,649.2962337639999,413.57309506400003,488.357332224,707.6268855000001,634.751005344
1.2500000000000002,178.55000587199999,149.81355764,105.64786754400001,115.226490288,155.60610365999997,168.824930404,215.634693672,247.840017848,225.35954756,258.850866236,109.42141585200001,171.46191662799998,237.516576212,305.59524185600003,286.728388612,289.578510904,273.137516456,260.555506164,231.583326864,230.48447835999997,306.518425548,254.878879908,396.762687144,310.922147888,428.57314616799994,405.456888488,439.12058093999997,574.27203762,460.938888256,551.63006652,246.211001476,465.588740956,296.499753464,586.059105632,328.334182504,490.338770932,475.325500852,533.2730753640001,549.046987412,435.418548872
1.3500000000000003,138.638520448,191.3076736,226.95733761600002,140.279011844,194.193511416,185.513525716,156.536926664,205.41726387199998,171.31384207600001,288.95341288400004,323.56106336799996,353.576009052,370.50208786400003,313.56431666799995,357.55455294399997,456.366636128,232.536260476,328.637280116,254.45086813600003,393.60076380799995,334.01321344400003,269.44401166,370.08349396,314.485382608,383.669089724,226.304844264,470.6124173039999,492.75669773999994,394.177146676,402.0157528,467.945886232,409.302076712,513.57352742,270.187374832,401.2736043,611.598421724,520.990938836,460.80857468400006,650.2272101440001,522.214749784
1.4500000000000004,175.31670353600003,258.29011832000003,105.41008354,53.94594888,155.87422257600002,132.059277672,199.026499784,346.546821616,119.864866208,238.706605028,180.62201146399997,265.35071072399995,179.405542164,325.168172176,219.54034681999997,132.03980198,320.868402468,193.60959633999997,370.200922676,284.776692308,363.22839652,224.344631084,380.32219652799995,334.815764732,281.11704236799994,418.37178266,469.24824878,436.36964609200004,304.71173092000004,505.607331464,460.43573727200004,398.83103626800005,410.175717532,436.18403934799994,468.04538797199996,486.72701937599993,339.11805082,551.786463028,384.933878556,511.33931636
1.5500000000000003,335.887972032,78.848603352,113.006702612,176.66109582,167.67865478800002,163.04023003999998,197.24109718,166.951949104,129.067877068,258.94684577600003,222.276571492,210.664682508,335.007533536,229.586318596,313.633438496,294.380668208,261.465155172,341.31951083600006,305.81057074,344.472795548,332.22308638,370.29091178399995,435.981338564,592.8694472239999,478.45349776399996,565.605478792,609.6171770760001,455.317382124,517.247941952,419.9477471,516.087129432,604.063683908,620.272086504,352.322057576,525.920412356,537.401909476,500.95922593600005,631.710243576,474.11021618399997,566.313935824
1.6500000000000004,18.503562675999998,209.518952932,152.96933221999998,106.177837264,158.040271184,172.85964717599998,184.66294917599998,169.199888488,134.728595692,259.851447088,285.946344496,269.145199152,334.234256968,256.657165108,183.88290249599999,306.59934072,190.992157752,361.431830296,461.22839256400005,405.33404255999994,417.70851817600004,360.516514776,367.09112063199996,395.927884432,547.9509857160001,472.58875581200004,281.245224448,408.18164191999995,411.727140888,433.044894796,428.101060524,430.56363880799995,442.640373548,323.12520479600005,385.47130893599996,499.45458123599997,544.428485468,727.0466619040001,444.251466876,567.796528604
1.7500000000000004,87.373199376,205.71399020799998,96.299753084,74.1947107,93.71626602399999,116.65533664399999,177.183839404,212.446546136,160.89493658,267.25783237999997,267.941344456,232.96766888399998,213.62419316,266.418645772,255.06295542399997,256.00788269199995,224.115991536,288.848370132,280.503365988,334.200786388,373.76755723199994,481.75050719599994,342.451755096,165.79642665999998,243.853999156,446.48101699200004,332.211339088,482.13805369199997,439.018085044,479.115089536,451.416327452,439.73351720799997,477.50069924,557.088158048,449.804766064,498.05512608799995,431.284737856,697.0522380079999,795.733352136,523.281055012
1.8500000000000003,100.63330474000001,53.367413588,127.693932728,191.09528769999997,209.78239163600003,253.863084572,166.21307928,209.34478372799998,171.053500284,222.919180304,229.32155092,364.362206664,139.741057512,271.471967312,317.56137711199995,303.46796174400004,269.66824397199997,225.423921376,377.985621412,410.370250364,349.562256476,533.9273091399999,363.011935352,442.70286455999997,376.69792941599997,395.403527588,375.820767284,419.05592633599997,688.373382468,443.413033688,432.253231268,518.799237476,482.908151844,419.704386648,547.961941168,695.29205792,538.819134628,465.37653530800003,585.741932748,629.63859968
1.9500000000000004,83.633202024,183.45256105600004,108.8267369,149.762806612,111.51352281999999,236.49418368800002,157.800755284,168.96283942800002,84.27911430799999,265.985680152,211.52855094399996,264.754713724,221.651319588,137.46516680400003,303.21149691999995,439.541169028,248.25452763200002,311.64008060000003,333.30172577999997,292.54227710400005,241.102551452,371.548419396,356.041819484,381.041234976,433.2728212,505.43597941199994,433.37885020000004,423.932061384,499.27418646,463.942179852,471.64633907999996,510.87877439999994,505.201432968,448.7270036,596.2762751320001,452.366532536,563.335521012,518.161596992,643.3803293200001,508.95835402
2.0500000000000003,49.08401314,193.92857449599998,232.05642816799997,158.65581454,86.213215624,180.775726016,333.566517208,321.365506516,179.66770434799997,293.509307744,430.949332656,356.71062589999997,443.69144701600004,260.524138404,259.28660969199996,274.039756,280.56569651999996,355.553500416,343.942665232,353.74105705200003,271.7114035,491.956335552,351.50020744,361.449784652,409.438731708,453.12397786,434.8010358759999,402.362407948,395.74877530000003,392.591397228,761.5218445359999,625.0316616,507.208141276,573.18813812,503.80266421600004,532.1713662080001,754.34173506,778.3428751240001,472.13024601200004,836.7020906639999
2.1500000000000004,323.078896352,165.005916548,112.40257115199998,126.32251871599999,101.57901663999999,118.186964356,251.38461752400002,97.096687172,214.184795796,291.182823148,373.86326515999997,294.87460904799997,334.933895712,395.318898864,219.986890416,284.523030576,256.835723752,340.788120196,320.617255496,314.27750461200003,323.85448492800003,423.26758918400003,404.42390326,410.35011681599997,670.2590916039999,300.475169476,476.840080336,493.66776737600003,449.64358759199996,438.25529770799994,504.001477,541.131357568,566.017858916,435.9166527,604.285430876,490.853384164,672.3836371479999,479.161300548,484.89199592399996,647.264614664
2.2500000000000004,48.43644604399999,58.90929128,110.66071190400001,70.716312512,171.120402528,182.601875436,248.13677591599998,91.614361072,129.64568752399998,302.60649268400005,163.49455228,97.875422824,266.42087168800003,221.25249407999996,204.140917948,227.47457481200001,336.514876984,450.00251548,270.90446903200007,328.74862684,304.87344772,411.358719256,478.51665350400003,431.417738676,543.08565774,390.137421616,426.223724264,552.801081952,645.7758602240001,397.8026051,579.444665532,584.6357951040001,848.950640396,662.586239276,524.7501892759999,509.986701628,561.680821612,753.9647014719999,750.2850147439999,682.1546271919999
2.35,149.164249244,112.01242400799998,197.91860207199997,316.84763421199995,288.4721524920001,132.55274361600001,177.99528403200003,358.90057766,276.305162476,227.719105916,166.41729467599998,166.96496858400002,215.14027092800004,216.255832928,328.829618824,211.06576256,310.47922205199995,328.589469336,372.39181482000004,432.77859569599997,434.067353252,305.055330964,410.73227052000004,335.26433964,452.530633984,503.95609942,425.308514776,467.02237889199995,410.45863881599996,537.713468468,643.426259912,449.347549544,490.23270684400006,674.206029932,438.351520736,547.346233784,621.893876728,609.234055756,671.6260931719999,657.6193535
2.45,144.28934386,171.262021164,287.668711024,135.90500038,99.807467544,180.554313824,440.355434124,206.530493048,449.110062984,214.128215084,234.4011407,328.42042164000003,251.58482584799998,329.91639229199995,332.137236184,207.72635720799997,391.442271064,210.062459788,593.8444694479999,328.1620352,285.157622684,389.81216297599997,468.501489176,335.01134411199996,413.88599478800006,379.2620905079999,403.54183664399994,532.064447332,542.708676968,461.43627702799995,486.949042504,621.767570428,580.075531128,565.048706936,593.8347105639999,552.21803196,645.307253396,614.999832036,714.0921017799999,719.685813716
2.5500000000000003,133.14010333599998,320.6949495960001,135.776755248,134.13226340799997,95.0746435,345.173857884,363.27015123599995,329.04002899999995,123.88013287199999,217.59238924000002,445.156397468,311.01167342400004,278.7541377,334.948257712,543.210540732,382.02401234399997,299.78968446000005,286.840244288,333.60185649199997,336.011007592,352.118735432,364.87982243199997,376.24968982,527.6847834800001,531.993889608,361.08179806,349.342526496,472.954804572,652.165621408,637.145349664,456.34167267199996,507.830516408,481.2115858,505.224261168,529.152755468,698.187471296,519.193197764,828.196415316,597.053192224,596.485962536
2.6500000000000004,311.630921648,76.08491522,153.012994512,68.922876772,222.803301464,62.237970932,239.32817437200003,154.70959389599997,364.06422169599995,367.44212108,208.771279424,161.014980588,304.46834341199997,201.090605676,353.2792411,316.38054177999993,368.296771888,284.837208496,306.768864828,303.882404692,370.37539296799997,305.407230284,348.624126984,389.917718952,347.64679451600006,427.3600238519999,371.784035064,328.150186788,326.724582448,665.5206321759999,363.550607808,622.542403492,529.4400930639999,585.286156584,746.4563311879999,597.605977952,659.628259148,645.4547327839999,649.427290016,645.722256568
2.7500000000000004,143.86530307599998,56.721828664,233.7103573,230.99129266799997,452.28385862799996,438.62076590799995,100.65970926400001,246.87382162,174.86152065599998,189.335562096,202.932458848,285.914408272,166.962118688,376.37933293599997,245.379643544,298.81728962399995,213.028216652,454.896820056,376.071938048,598.926462892,406.874559792,451.66852929999993,469.20031056,306.07319536399996,373.602603476,520.172950016,529.613087772,532.226404772,520.3566496640001,503.81081975200004,724.147687184,747.481177184,552.6616092359999,665.365770376,676.549591944,634.010372896,658.900581096,691.20885598,759.504974492,658.1899311039999
2.8500000000000005,99.95069734799999,289.398297808,67.610184976,312.386729112,482.12436449200004,155.41530597599998,319.26779618000006,319.929468252,559.9473983800001,259.108636488,248.20119366,173.35693125199998,401.463582892,244.95945588,585.64009672,324.12858809600004,352.19368178,386.01280030000004,336.64099026800005,304.88963306,236.80945702800003,419.58959224399996,370.695710492,377.60276972400004,357.60777437999997,308.851021556,404.781055296,477.73793858,383.857752152,477.42467649200006,772.8068644599999,588.4177005959999,527.4699372319999,523.642830316,564.8762988399999,808.873669188,671.740615524,563.655241748,653.18696776,623.227878396
2.95,122.22132000799999,76.610115792,112.110372692,328.718553384,240.068921756,247.473374512,244.283504812,222.24068835999998,448.01895150400003,155.77960290000001,486.227506776,630.5393489159999,205.699272896,439.36888892,333.997687424,268.15799002,381.71585001599993,219.705469736,656.705925436,525.273403176,343.098841036,429.504559788,331.41915162,540.669862164,467.434458916,815.097739244,392.12758492,883.8276176479999,439.584617832,958.0688945359999,507.592896464,925.2023043719998,403.30186124000005,579.506072136,790.56584462,808.8341936879999,876.2188237799999,787.614844088,700.946795832,716.704341476
3.0500000000000003,134.81569632,314.43707593600004,359.478005724,280.965497616,145.003615728,184.742572256,192.54022078399998,265.30796415199995,327.887632292,264.890378996,240.44316207999998,400.92373654799997,746.370911724,231.008202316,250.784457916,391.13258224000003,202.51518222,279.47270780400004,514.683847256,503.20715316799993,355.07786394000004,517.925861468,481.50090092799996,289.18581522799997,511.55345285600004,485.37593140800004,446.75122952,824.4775649640001,513.1369084319999,636.629120112,773.760109176,666.167943024,509.66582608399995,822.15354624,712.192563072,572.984688764,693.8995194480001,995.1699766639999,701.700084044,559.511746124
3.1500000000000004,259.27750239200003,63.325009480000006,344.720540272,86.027653908,374.69439292000004,152.75702371199998,382.32129494799995,303.969635876,227.07380768800004,480.204503632,375.1114695,392.687936768,721.1642774960001,404.825971292,644.1886968240001,361.14493626,281.15333225999996,361.000190128,364.956199776,224.4874107,386.107904008,509.59991358799994,596.8145607680001,1018.904939056,584.9095521200001,499.81283539599997,519.7281384119999,556.7279888,475.89922104,525.035403436,564.802084072,779.027574548,464.53795313200004,807.462353,689.196244236,947.4321197719999,753.944342688,735.8748641759998,782.683062952,699.3229618600001
3.2500000000000004,574.2774690399999,561.810732204,367.6395573,492.82270784,317.57277192799995,232.23937259199994,357.954365344,249.93576009600002,415.5777104,114.44058160000002,272.034694736,479.506763028,280.37624125200006,190.33704144799998,240.34948007999998,339.16009918,484.046013788,501.00550718,607.2225478360001,363.30927554000004,560.13892906,506.803251828,399.755144544,508.113826776,356.17303685999997,793.272607084,719.003278892,416.42533132,1081.236719948,697.2050996280001,501.222239296,476.57788006,544.06447434,682.808207096,511.674608624,561.890854916,712.035216292,921.3213750159999,626.3259660439999,556.266251036
3.3500000000000005,94.61796698,376.259321924,123.20974252399999,251.27521924,411.300250624,194.154642976,255.231939172,329.78839115200003,300.847658076,291.735334704,259.635990144,463.123814496,574.4631364559999,471.95469819199997,344.79711568,473.971688556,333.758776356,429.51728397599993,308.655308168,354.450914148,541.221692332,594.041862612,483.025829476,622.8232916720001,859.911294684,423.79284035599994,736.959230076,457.59182486,689.6140054159999,598.574985328,700.6496451559999,581.331220152,856.635223976,456.846282548,714.682937932,579.9763951120001,898.213188668,940.003356036,609.508993864,667.70153208
3.4500000000000006,314.880999276,192.998176148,424.04671964400006,417.280711096,83.872524204,629.8788506480001,162.38446904799997,428.43210808000003,252.25371938,542.63277852,701.982206052,213.32310176799996,355.87619898,816.804653792,437.621742392,527.161419896,393.35765684,450.168496056,402.005014376,623.979628304,357.1028091,419.873532672,549.13404348,567.597574192,760.6572778080001,487.75775686,336.921066376,486.28771798,407.18260097599995,551.053845668,502.674853532,520.008340328,509.33779811600004,452.41938974000004,527.4965821159999,886.1520911519999,707.273802724,864.457888256,602.5867557639999,603.49779216
3.5500000000000007,228.388867044,264.772114036,257.690613436,412.64283786399994,143.171601152,406.63603767200004,159.14855438400002,731.002321444,226.940111672,270.602944176,294.754150284,326.06572764,179.563501332,471.238413604,363.866433036,254.39448841999996,244.690997268,211.52347235599998,480.787364692,470.59192376,369.381784344,593.3235428639999,321.10747258,359.22006094799997,641.7009464319999,632.3070065439999,591.732681756,738.4342770640001,581.777374492,681.1780789879999,634.6780345479999,973.62857364,771.903016532,388.544915796,781.566593188,604.249107916,584.010898132,838.4968113719999,644.073471384,946.652571528
3.6500000000000004,163.11702889999995,214.452625952,89.43456655199999,98.56971918400001,502.08501127199986,307.505101536,455.68541326,712.3542236679999,157.61480322799997,257.11295605199996,322.920177116,324.872644752,660.359899048,223.953397476,296.908785768,320.305335216,428.077900432,543.112255532,698.955067696,367.815471564,344.63535253199996,693.5345331000001,308.46297990799997,476.835448508,504.21416278,581.5097108319999,548.0279015000001,560.812283164,522.392064548,593.116257876,505.48489688399997,632.6649681319999,751.676435656,552.978222476,572.568094372,767.802528576,766.544141336,714.8307699359999,669.099274584,667.2071641160001
3.7500000000000004,812.850467192,181.494611516,659.610916956,92.74673515199999,300.26448156000004,169.984605816,259.111614624,360.009298976,121.94822042800001,319.590067592,129.75208432,556.271179152,382.102889704,383.449215516,556.296975836,226.844859504,648.2008073399999,538.254966832,431.17178389599997,699.038613728,372.912061352,652.431780508,341.833852052,693.330402868,683.1172769960001,715.936053968,409.107400376,903.48459198,763.799744296,451.873112104,760.491008748,485.671659996,666.67450902,1118.532000256,630.8070639279999,488.445319324,649.004205732,498.29874682,885.134137452,635.154442392
3.8500000000000005,530.931664932,392.03224508,299.229027508,732.3340677399998,374.548974448,140.15749058,432.308408612,534.191240956,237.144372776,628.23492442,581.613270112,452.307309248,479.399000968,430.37838825200004,476.320976824,361.13141969599997,472.40894518000005,651.817588876,609.9022599919999,267.57381787599996,520.20672416,675.707581552,373.137465384,232.18638776,338.89275336000003,633.849553688,577.01827714,518.298411964,918.1564979079999,1060.037537012,327.250690116,746.370627256,617.357089864,514.440325072,714.7587261919999,769.206011768,731.939257048,726.3818305679999,741.840995204,635.214734832
3.9500000000000006,651.0554972,265.460196068,513.8998319560001,321.751402336,363.774941904,627.11241986,220.554688444,478.20519128800004,493.121965232,213.81903085599998,186.817120212,254.475504756,704.5792993519999,234.52246831600002,520.557920992,361.92417112,302.45724743200003,233.826686704,468.45606752799995,399.02854142,344.66797645599996,351.170886064,258.675660376,650.742268088,442.279436796,493.349676796,549.69594682,482.77884375199994,921.484084632,635.4673348599999,575.7496198919999,464.50379889600003,757.0020995479999,575.269517996,492.9200152159999,599.7277832039999,607.56520802,614.8562260479999,733.5821060239998,513.882576416
4.050000000000001,364.634397632,812.3044243399999,452.124471468,565.68086378,287.560955584,522.186917756,519.964260164,588.442666552,231.203450776,628.964996596,594.8100073400001,211.165900412,800.965160184,212.251312076,332.47462758399996,596.9969607999999,644.022966472,533.542520104,513.149016676,961.700543808,416.45974440000003,421.24807215600003,667.5118648160001,550.3255701799999,475.84967801199997,499.502705128,636.885883488,514.8626160399999,583.1152413079999,550.27336586,644.6135333079999,767.1956787920001,711.7693354999999,716.1087608720001,573.555892772,846.5829897799999,517.834787672,704.4048812999999,824.3555286599999,532.874767116
4.15,426.482861268,771.7108158240001,419.147389848,413.81845078000003,139.086482008,257.26396540800005,171.24932340799998,326.788950892,744.8239148480001,563.026553056,667.2346130320001,276.734181724,165.24955401200003,609.545053072,453.6512457,606.999566096,689.4007571399999,723.784937012,505.39427323999996,322.33738405199995,700.272916892,322.262861452,636.373356336,509.562336048,939.15370318,531.101400432,419.96853105199995,283.55797484399994,435.75531285999995,572.317137192,472.990347728,724.473324684,653.1501076999999,671.318283652,691.339200156,732.2045039239999,708.506432748,582.21654168,715.883482552,793.4609362400001
4.250000000000001,459.7323204359999,829.373708584,495.09669654399994,610.394133936,490.532022964,678.6468974640001,599.0327777759999,628.471593948,318.51265582,389.60426200399996,407.631810764,277.775959108,500.739107172,153.489434668,262.065619924,484.57762442399996,464.15057542000005,389.421792236,432.29788914,804.0460514079999,768.146743324,508.985699792,502.9307278959999,759.4179924480001,1049.963671628,315.43277816,523.913273148,621.772261168,832.8476349,689.732867256,508.91459857200005,607.4981738879999,767.8284369959999,767.355931976,831.2376482079999,611.985435308,968.066845328,567.32875358,779.6318432799999,521.6376913319999
4.3500000000000005,210.82087997999997,400.386770448,180.730262828,224.36258571200003,291.194779224,610.4539032079999,760.6972182399999,182.385889244,383.38331365600004,353.70526601999995,1230.365543208,479.98013010400007,704.3226071079999,950.984167456,1031.305098364,796.2939636640001,949.4001641960001,400.98221680399996,651.5747595720001,197.718853192,277.13125967999997,977.584709328,505.361740228,590.63125966,323.6896097,312.59405656800004,915.104251132,339.2204343,882.48690398,725.3343853759999,1125.1186931480001,1108.3595328879999,466.4124215879999,1024.07156616,1055.0485505479999,869.264854184,738.019879512,458.28487226799996,655.3106013439999,672.623129684
4.450000000000001,749.262454524,781.596817184,992.8101806159999,486.0639597119999,912.3297683159999,391.864920556,402.56669714400005,127.318241868,648.5363776,493.94047301999996,448.248260148,258.503631676,549.4671705640001,494.482262328,410.69481835199997,563.9593103519999,457.64961813199994,445.789256788,576.676940376,878.4951349,1657.5524539799999,955.71431978,396.728107576,683.477022816,512.6098764799999,579.7431477719999,1048.6798656239998,904.6174984439999,712.25429842,933.8845371719999,517.84164316,832.225201352,981.3518841800001,601.395006032,921.357689812,674.295935824,584.9473791759999,736.8206563599999,694.21669846,565.51174992
4.550000000000001,808.5722354719999,531.9444575719999,907.3395434480001,778.170367084,428.883869472,556.6581223320001,499.29582339599995,1056.326972692,149.40673558000003,775.061606464,893.40697282,419.241240996,331.10533484,547.610202516,855.2032609359999,860.6061166320001,283.119209704,612.561726552,205.25436354800001,559.778445032,377.591526328,958.683633964,398.533334256,781.9939833640001,1290.131236632,939.6656795439999,571.0813106759999,694.184024164,444.009277604,281.482408288,694.4013296879999,810.2274993800002,459.586510376,546.279363688,921.619503804,524.034946428,802.0412636639999,524.3569604759999,877.4291733279999,810.57685112
4.65,305.42918515200006,478.451462072,437.504179212,152.269135752,401.645786036,303.335638936,357.63783921600003,1221.441103148,401.464992232,441.5272427160001,517.603022988,439.405960152,860.093619596,1163.277394364,589.341694364,406.472650816,791.918102648,529.77222342,637.3981992079999,522.69514208,974.649336852,411.479750536,821.658289276,645.983507232,344.633125044,688.9045018720001,530.373406372,461.51570657600007,678.018323496,925.385615076,708.7263488520001,1280.4032224439998,762.424086184,665.4238883319999,654.24778384,743.4842460399999,993.8288243960001,799.990780916,568.719765628,642.2806441280001
4.750000000000001,497.65842778800004,767.217967556,344.200021796,639.484205436,977.338040628,1290.3302135640001,146.84435994,705.85919408,773.2079150079999,264.47079292399997,680.394018876,238.495515944,731.6259005439999,489.103586684,349.1806692839999,565.848373576,546.1378207519999,628.378493128,345.401645928,516.334820284,609.521352816,442.49923165199993,660.384293048,386.35360924400004,347.163399464,366.14899677200003,565.614476728,821.705306392,789.0997710040001,763.7785259760001,569.2075356800001,792.7251362760001,748.71264746,789.78924738,748.164092036,407.55627818,1356.995285904,745.5288554399999,695.505475724,937.859467904
4.8500000000000005,1134.8106207760002,527.038889588,525.4455062,742.855011568,614.235537,378.97982461999993,825.237521044,339.685563636,741.4262453,760.199956396,359.464718148,763.4866114280001,533.54209092,514.201736756,472.72015458,1759.7372199239999,594.02151634,766.6612282079999,511.14335128000005,551.476179344,788.81285582,294.754190528,798.8987681599999,677.237095048,443.29054913600004,441.973750108,622.0798879199999,778.714697788,985.4903579879999,548.76448488,1019.493595504,649.252686056,799.9044291,433.67564766400005,1085.596994976,639.72514016,1233.296548264,705.511316716,795.0213872639999,1579.165764276
4.950000000000001,800.078548492,824.656428404,950.7359753080001,973.6761843919999,485.248719892,59.924610068,426.359989348,311.34841058,724.0410258960001,506.750156908,1254.148628156,390.444681556,1178.5780174,371.45870379999997,857.3468905999998,577.090873532,264.578615904,776.889474128,867.366363544,894.466297184,276.48098457599997,1098.38917332,511.113182864,541.9081147280001,656.6835488720001,473.845534156,765.724772592,927.229898288,961.210615124,651.093985564,916.705032564,379.39269245599996,751.20472758,675.989298,635.318610536,873.579559476,656.192118756,637.985922168,579.187476964,958.25837416
5.050000000000001,94.580081572,1115.387448464,731.1577163919999,1158.128306312,971.425479856,425.98450450800004,533.53446444,252.63228336800003,909.7807821639999,320.25503021199995,965.283227528,1072.70617344,1089.85557244,737.038457432,234.079405224,792.044346572,344.49290757999995,467.79569068000006,327.161960912,915.3061822160001,688.287287768,911.1434348759999,1076.341551756,475.00289914,631.318331116,816.8309109960001,375.39674656799997,1077.40300638,764.56215176,1158.96379008,715.026411388,562.9368163439999,725.400257436,798.5007031119999,1259.48589556,987.806665256,1090.252598884,1000.3097461880001,858.6360105159999,1305.805816128
5.150000000000001,531.3126839559999,606.16874864,759.3911383559999,370.149476876,666.6451883320001,621.783168448,511.085557472,679.7009903520001,971.3037895319999,877.348830308,729.794004504,876.7227184159999,462.287692584,1073.7307983800001,426.04519494400006,1141.935926356,649.571495188,1273.5027457879999,576.060280976,755.088029708,554.875127464,917.9520449239999,885.748122092,899.69588652,726.143419828,826.865635352,971.889060652,461.7153511639999,587.5833278279999,754.99980686,1151.682572384,590.34351232,923.684435444,478.697478536,903.4672847759999,1049.97972006,620.961611864,910.841689608,841.3578128720001,1241.61970312
5.250000000000001,323.3920379919999,408.9201262759999,767.536845352,818.190375332,520.7512044399999,727.672875628,496.97120049599994,589.022136944,639.4037090520001,394.87084959599997,189.449918124,724.5309067319998,684.02882044,748.1831490399999,463.14488400000005,717.411385288,705.589798944,462.69000694799996,443.805041944,322.66463296,600.2925331880001,299.41265508,492.575018892,352.15371200799996,911.8742840839999,427.80127899600006,1090.851945616,385.799656516,1013.9728905679999,593.1868972280001,617.662475116,857.163712996,699.410221496,991.154938252,536.4740398759999,784.428202376,715.62872846,1176.7557922639999,791.413699868,1021.420480476
5.3500000000000005,349.434009788,449.07595893199993,823.714383928,578.254081824,727.930915968,186.289208848,732.366661752,731.685739624,956.56010954,494.229373268,575.270838476,503.646803524,724.9470835879999,490.88952755599996,364.190594744,632.490423748,597.071526764,528.849280628,975.2687322520001,805.3665665000001,597.876910256,716.0331432600001,1079.628513032,345.84634936400005,372.54065433200003,735.7543616,701.5783555039999,730.636804604,716.498018256,998.9548848720001,591.207421412,961.0853643999999,713.51479982,976.830429124,396.85985881199997,1379.560757652,892.2106362239999,965.5176966839999,1217.552138716,1213.296347976
5.450000000000001,677.77598736,472.96629178,740.5833950159998,512.559967928,1308.88643054,848.4328642039999,736.002063864,462.89805773200004,408.73284066,469.154720968,695.20247036,317.448019004,509.74972811599997,1043.299499388,524.943427764,689.2907015000001,368.66744700800007,670.0583258159999,699.675766456,601.5610529119999,391.310844504,986.6948206,595.9970754359999,964.100097084,849.009358312,601.9909440560001,556.1888000200001,597.026756132,1024.1532253639998,612.7385706079999,1015.9262982559999,1012.973072884,857.600515824,1416.588504404,598.5207932440001,631.8778372959999,1087.056608932,1488.2982415839997,725.962758128,893.9173762280001
5.550000000000001,763.9771119639998,728.5903450000001,178.549954892,777.1969316799999,850.302895604,365.26119182,894.205369944,599.917122828,665.105577136,524.602910784,370.97649544,794.7414993120001,423.82849854799997,448.116781188,676.891002496,263.1227925,298.50018574800004,559.231362948,795.162471156,181.267746268,331.226767756,391.954099836,655.6410204120001,348.6261775439999,760.7912032840001,601.6607042439999,549.047970568,672.786942444,884.904098516,528.100456072,1025.471889024,670.552285136,602.2737080479999,669.5258951679999,1182.710278556,530.541871084,771.521146448,751.8433036880001,949.023331504,498.55338747999997
5.650000000000001,748.878121792,651.340397944,552.3850468,652.214396916,589.9309408680001,759.2159945559999,647.143339812,959.809463756,460.718164652,564.010535544,830.01962766,616.894954508,822.6068144039999,770.53467294,461.070228352,727.489176504,828.7434456039999,1223.675222728,706.257417256,705.980137108,848.4423832279999,447.46892398800003,816.1822089919999,724.129837752,607.942026236,602.502537212,1140.88279486,506.99230974799997,813.1583657799999,582.608033072,959.108632296,1190.17932004,944.5974433,870.6265395959999,1202.190723724,754.169835564,1315.8027464240001,773.3633985839999,712.375985176,1189.819141216
5.750000000000001,562.248814916,990.103392592,879.1524478640001,1040.282010788,629.1943333360001,520.977814724,469.716831648,834.762414472,728.4258261159999,922.0947981039999,677.059737192,557.5414603440001,457.916433336,577.60674578,833.0846807319999,246.276193536,880.61317338,410.912039128,952.7922007559999,1302.6477778839999,1528.7050108600001,785.771682496,309.550068484,745.5575328,369.618056712,538.6623268239999,827.547956892,1197.516592232,557.821403272,714.93211008,467.686097124,790.2684746680001,1029.918369812,878.8184963560001,1539.2625954320001,661.802352736,855.5197648440001,503.2909149360001,529.928965524,946.5751368880001
5.8500000000000005,437.49459537600006,432.62219668,795.279898116,518.104389916,1609.3332967840001,962.9466109800001,870.832585472,964.279181356,892.171524808,628.12878866,1111.056693864,645.237310896,995.8066834599999,1084.4369408,558.5418708279999,1211.3228598439998,1120.148327828,819.335755408,553.878474124,1028.4396227519999,910.915458568,198.023591988,822.49995592,621.264131504,535.075046252,587.9515315120001,834.2234271680001,672.3693893520001,1354.8275890959999,667.738795084,427.06918605600004,902.2887459479999,738.435181152,667.772063868,635.8524879080001,1031.535659296,557.2111145240001,966.766532784,1252.221662292,1244.74497706
5.950000000000001,1142.956334864,637.65611712,379.392515088,797.2765144959999,1127.6928235999999,722.064760024,641.386366488,1329.265083528,640.8276729720001,841.159285096,464.165712192,638.044878572,632.8556124239999,726.93243884,962.545946364,1001.58358806,862.0060556000001,1123.6601272399998,391.062504848,788.131345228,812.6825920680001,556.1713993559999,649.6019083040001,653.08610832,1043.1277098199998,367.092953684,564.253354316,504.85475148399996,322.800404528,854.2470137839999,455.218319592,589.3419098999999,712.50375714,1089.676059272,1257.5072670959999,1246.693754924,1016.4756163479999,797.7971222440001,579.320796788,837.069027388
6.050000000000001,783.9002723000001,724.0036712680001,429.920941832,542.1554552959999,1288.845483052,340.167802448,388.45478315599996,769.415437708,582.850338604,821.302207484,442.76788057199997,246.03294936400002,1109.5115446399998,828.664031492,917.6889673520001,753.8714885840001,601.4083687919999,869.3565961879999,572.678152164,772.618531348,952.4316160960001,548.8186038240001,951.8888346439999,413.375626972,353.21953415999997,1423.571709248,518.324720532,1831.7219534879998,1077.119639728,683.18248372,819.9840925519999,797.9204110439999,817.091776764,641.921549428,924.6587039679998,756.523503416,559.30445916,680.2150881639999,1025.5939042480002,1275.0949825120001
6.150000000000001,723.3476630479998,282.209166532,839.525737724,799.398329836,759.756926676,1550.193992776,465.5979747679999,1153.564224448,540.690088292,849.3928088079998,759.3512540400001,1147.458679832,916.701789348,437.84700756399997,280.144535216,534.3755645159999,930.458860924,546.1331552319999,1006.70317286,250.343162728,887.576121376,811.4278197120001,963.015333856,1178.0531934279998,1119.193332108,915.5771613640001,842.404601416,1160.1690636399999,618.705844764,940.907407488,844.364135844,1051.448869924,1372.6977988479998,835.29976564,892.2834339440001,1018.2582222360002,637.560641932,803.64598998,1174.7541076799998,1304.6195965880001
6.250000000000001,844.375705332,1052.9412724959998,803.012624392,1271.542120776,981.7770603039999,696.018601508,1270.37031516,773.6761969480001,652.1086010160001,661.2833018160001,1897.674673468,715.5343323359999,1168.99653294,449.787292384,693.41434584,1008.676073704,506.094358544,841.564086156,950.006727212,304.958088304,1067.06967918,827.1544487560001,557.296786292,552.348003164,890.843256192,1274.0409674240002,642.493464592,419.3329185040001,1023.006431816,789.8599321679999,852.752761204,760.8559119959999,860.045257292,587.43935012,1191.914908044,662.062876728,1125.4938923280001,990.8378396639998,1448.7309252280002,1685.566420416
6.350000000000001,1113.501293644,889.595492132,1035.287941324,482.54509359199994,933.7066719279999,1313.407563672,734.361097244,224.91277613999995,1239.572023384,267.854476396,776.2337203359999,539.235408224,533.95052812,800.370142356,827.5818996200001,1041.348821124,731.674797396,1175.441394844,879.138323892,1315.503469784,610.376588336,1130.647451388,455.5512173039999,577.4667461720001,1091.999556872,1205.9219185319998,462.583056184,893.544502532,936.880464136,885.426105152,1067.45952232,1498.572270488,869.4279563599999,436.090381376,1396.8028882879998,591.7391911519999,1021.3403938719998,638.778662768,1131.2496342159998,710.239573004
6.450000000000001,320.980422276,420.963227316,477.967556436,1108.00410086,676.3978280360001,1077.173517492,909.56077682,851.4270521480001,382.28207666799995,728.6311564120001,780.3834172880001,892.231321708,1045.45486766,406.41671892,1303.488882308,697.56405834,1310.505965136,717.8659397280001,712.109100764,1152.043870724,1390.403586244,828.366557692,927.195971216,872.017042212,903.538573804,1079.861457368,1593.8809940959998,744.681864972,1107.8744478840001,1345.258754908,985.56514516,1168.97603904,539.705922176,1201.3725006,1073.3879628319999,960.8079007599999,1315.3364664760002,1141.520413608,980.242052196,771.7111562919999
6.550000000000001,1244.768894692,709.9518373839999,530.640987284,947.392629832,574.256527996,513.343813448,651.04616088,925.4310355319999,533.314557056,937.8660799319999,702.14302156,1122.27632108,721.6337430880001,1021.8816668759999,421.66368862799993,1001.382791868,1100.468174324,958.928977284,795.138640948,287.259018256,1453.9080343239998,1242.90596798,354.10719476,595.041324188,887.36001776,412.933000088,939.5009564,897.7905304559999,732.114367248,842.2093044479999,1052.208632676,536.55345262,1228.335379492,911.6325394319999,641.569548856,977.7021129120001,768.536398408,839.2170460479999,884.4091937039999,623.134779324
6.650000000000001,654.165358768,951.5202852279999,1655.3783575919997,1004.034027248,827.37041032,1297.263978876,516.935473312,1105.555244616,531.82968578,736.4850950079999,661.068335784,1170.5742374039999,682.206206912,129.35571272800001,331.00084398799993,1108.642609972,716.333801748,986.533750624,1249.982851452,629.0271584079999,817.677462528,1065.016096888,775.9236051759999,731.6222168319999,627.259637748,1074.742309772,1032.2403361959998,655.0057948119999,827.12577044,743.1301999679999,1642.719676968,782.54055656,797.5892016319999,430.97315611199997,1279.738700112,610.401771244,611.2275723920001,948.10661464,881.3855067239999,1650.855389728
6.750000000000001,628.7570316904,1140.4957213544,1090.8188964488,837.2679478583999,367.34467624359996,995.4118808935999,1110.733321994,1063.0166979488,827.2857407071999,556.207136356,726.7688935816001,699.6673852280001,403.98708815199996,632.4677892319999,773.160593616,1068.598048292,518.5855408076,624.1248977984001,1015.0730889296,676.3008537864,212.11200001600002,1088.9672040199998,713.1792469512001,628.0042453484,562.0939130772001,866.6494810448,937.2048759959999,941.6315235039998,1266.4020543436,859.6038801560001,1244.2952360304,935.5876525496001,457.6280370352,1147.583537784,1179.9466656687998,673.5919165364,925.774108524,1629.7427044439999,959.3561985039998,1398.130152696
6.850000000000001,826.440991778,1023.3653241728,820.9266203159999,458.71906288880007,1301.2602944804,1030.8073711151999,190.0866217948,221.67837122800003,453.8908861392,495.1697979376,834.4314390375998,909.9574428416,571.3438264416,1196.9005894627999,819.0712496632,833.67693601,791.370738378,875.6323764808001,1206.8074831867998,481.83327897119995,1120.694013392,554.1545238184001,1173.8945617376,418.8897747212,723.3054465696,978.1296887732001,882.045910218,1580.4049625687999,1258.1497722640001,771.493333772,693.734586156,1056.3695120896,601.3328969471999,543.7566048691999,664.5693535639999,1231.9948732159999,918.8065494936,663.7699099932,1020.0394448576,841.6565465536
6.950000000000001,839.2729852072001,1082.7154456816,848.5709882040001,537.0034964475999,924.8262770371999,712.4020503572001,860.0006475364,1171.4272611616,521.9699445563999,628.4001930664,1060.68859746,465.80376713040005,1134.828842318,1081.3792765944,1087.4917997056,1175.37044975,759.0394871,452.2581678084,769.8002333567999,725.0050527103999,980.0154432208,342.3521391756,1008.4408513907999,240.12884624240002,755.355890282,1118.6681139431998,981.985998884,707.7422832880001,848.9021676104,349.5927887456,1000.4378307492,861.4848345872001,1139.1207999619999,1142.1966201332,1402.884963148,1497.74525504,1640.0721189168,986.6963307399999,650.4377869692,1080.0677707759999
7.050000000000002,1028.5820120399999,1102.9993132916,620.3315569724,1304.787149548,631.1013667,775.0319762152,548.7733839292,915.708219528,1005.0250100004,703.127927288,997.6828440828001,716.0888356164,859.2094106764,1633.6137226,994.9028462872001,760.398422962,841.9424609083999,680.4512702668001,890.1501231304,662.397690084,1075.4658808607999,855.8080034167999,687.4862764039999,658.9450569100001,1225.3088301999999,1139.0345759476,901.4196056975999,1580.566411988,1114.6245539292,440.61857010840004,866.4808193303999,570.4034200712,1063.439475158,877.2062811264,816.7186720896,910.098585276,586.479810952,972.7971783784001,438.477270316,1129.5792522868
7.150000000000001,877.7828970896,1247.7232166252,509.05079221799997,1013.0074628876,1281.5998094279998,616.6267513207999,896.5653067179999,850.8173550068,1611.1815404640001,784.4922320844,910.8372110763999,1157.2990826855998,1027.8968547627999,1301.4001841744,1055.808372044,961.1378903187999,787.1646714223999,1244.2212251616002,1429.2489077720002,961.2284178972,564.1386670964,1335.6555493531998,829.6789667799999,1037.0566546503999,393.6619985964,588.7243384031999,853.297570964,1243.5831777735998,1336.8807009568002,846.9755125955999,936.805440828,455.7499211416,477.98766803160004,1156.5438756564,947.9851759275999,1282.8161393599999,1125.7361413352,1092.0800063496,1054.4196068912,1051.6213380304
7.250000000000001,565.9528169355999,950.5769958543999,947.5804495775999,1312.2892635855999,1139.2024080239999,380.80200548640005,1037.5946592672,1006.3689659148,596.5971491508001,1400.25845508,806.7979018028,633.0608012996,688.5653014056,1007.7411398863999,1118.8866967679999,1340.8814108388,967.5507721448,1681.4353548616,1270.2637337668,2107.8840146448,982.9917628928,587.2949771096,826.6398681708,1188.7369515731998,743.9564539184,906.6771433208,548.3464863312,249.91631158639998,512.465567336,1012.5902650063999,1268.3958898992,1001.9924328,821.1607657,885.9164827904,1233.706568956,1328.7761193256,939.090177376,842.5078375604,1818.856380052,1114.2334534256
7.350000000000001,847.6020673396,809.5385460759999,1423.8235524428,801.4859524947999,1298.9935423396,1290.0827010924,1440.4794689412,582.3854250932,710.6739260616,258.3938523652,570.9258596008,1224.0074770096,575.5872068004,944.6917086011999,1550.0479276304,1253.8583581984,896.0800889076,365.43526785359995,1101.0521812048,1461.4883779304,196.0344632168,715.0351768512,654.2552485728,268.351513974,562.7596047688,687.4088782256,874.5053496784001,835.3134521232,1630.4096272448,514.9107702919999,1612.688848572,538.7693415412,1492.7000630252,164.56690648800003,733.2370225687998,1331.009440804,1302.8995455844,1215.7083789188,1233.2805537039999,650.092303422
7.450000000000001,1057.6766014964,596.8990146116,1394.5203664416,689.5525502352,1463.8089935951998,533.1161898988,888.3270135719999,1385.5113189864,1211.0214478304,1212.8469089268,1476.5153697512,1032.9375933996,520.9657445372001,1260.8106411496,621.036424854,490.00293600879996,857.1291404855999,700.9254133144,1033.176803774,962.1558347404,1266.2965209431998,1172.4605888679998,963.9843715448001,474.21199257,955.7784134528001,1028.1192839936,903.8443860340001,533.4703956648,706.2818471584,833.7135308668,788.3909007807999,914.889130164,1307.0225227439998,344.1576210316,1159.7183950439999,1253.0142987335998,1590.6631732464002,440.5421260248,1414.9077406039999,1265.3044522768
7.550000000000002,1279.8503185872,623.4867354432,647.5490561135999,1552.7859834423998,1185.7645813559998,914.2655726656,989.4070840019999,1413.8513988656,1279.8677053975998,1123.655324118,334.5494354328,1969.6427132211998,1390.0958929583999,919.193035264,961.4049076872,482.5678591671999,1281.6944938155998,768.3570872500001,431.19674671999996,1167.1279043892,887.2532658624,1066.8365420032,875.7753033943999,238.1537876664,955.7789750272,1023.0162954528,908.114870288,1032.188043748,901.4339593168002,2084.740781516,1219.0309363791998,646.2505185896,491.98906860320005,725.9426596152,922.1115603420001,609.264784084,1483.7976254964,838.4731516328,1168.5846944968,1501.021575052
7.650000000000001,578.6048887664,1347.0504850568,1276.9809743288,671.5107014803999,1033.2502304116001,802.7609683608,926.1633133079999,893.4213458591998,1408.1247795159998,885.2643208007999,761.6477423399999,760.76183726,1463.9744363019997,653.5384768268,1022.8112572076,719.3327850503999,860.3825080343998,1069.5339588288,2059.9149250712,1222.7724858391998,543.3583612276,515.7966146572,1137.5246520088,1571.7699985108,1344.7061585151998,2144.8933846555997,924.0061316471999,716.0725383327999,895.288213618,1009.4766801975999,933.8903575383999,1140.7398387560002,860.173549152,825.683790886,837.4426536848,919.8422735272,802.8885110040001,1171.992347272,1389.1579205879998,1199.9354405852
7.750000000000001,751.5658968872,1093.8377459868,431.39546713040005,558.0965045728001,1273.2194359251998,502.2869933508,1213.1700608456,654.430162632,1408.2613238111999,747.2054383564,1089.7784119608002,998.5424517219999,1030.4375080667999,535.7327761684,290.585478542,1528.0873269751999,827.8511618908,650.8424288232,1731.3597745864,537.2869613600001,893.5034354395999,831.3544907511999,1307.7262038108,2056.2477633599997,922.1450766395999,923.349865772,854.7041654039999,1368.8290244175998,763.6422350099999,776.3602476112001,1090.614805862,791.2215975032,1432.9089152816,948.658169292,1182.750311308,893.4461389960001,1080.604356584,1109.9594662208,991.8186759192,1309.314851384
7.850000000000001,553.7075968408,983.0869900383999,839.6229214456,1054.9610866015998,191.1597040144,1020.3691641335998,837.8371514444,857.6552432788,784.3076001219999,1290.3599947143998,751.1898176,1746.4499103308,1142.6239561808,1130.5243280943998,1038.7149238224001,1168.8120942692,1074.6815767192002,1251.9082667568,1577.3772146972,703.2131539404,698.5766103612001,795.2539627288,558.2764645268,1161.3363390004001,836.4835913404002,1373.9410802892,419.7155060784,1669.588850238,1617.4923238284,716.2516629020001,1121.2759009904,778.2531148228,1185.7503134888,1470.8381063504003,1158.436514548,991.5376248692,1290.231209724,580.824996758,1196.8810089479998,760.1491258671999
7.950000000000001,1236.4485559332,1970.0615087008,840.6800282764002,954.8187767748,511.06028726799997,721.5336843976,1195.4751921712002,242.6847331444,849.3324242824,1329.8733997176,639.9422624808,871.9456762688001,588.2596256528,542.6211130656,969.2331375648,727.979116504,866.8210824204001,912.3266321159999,829.7857422863999,826.5500798688,1709.7774003964,924.9335961104,695.9891140279999,915.16859288,1178.8701796456003,389.40893396800004,804.5462077784,1071.0694065152,934.7730587391999,978.758971544,1137.0233191211998,1529.3928761287998,840.2024077764,983.4068520648,1251.9261271392002,1012.0362407952,1366.5146588584,1003.8594977280001,772.7318748344001,933.9968694895999
8.050000000000002,1276.7532675979999,1931.5735143519998,438.29899110200006,1143.3364799324,1652.0100291487997,530.60877067,2635.3773471912,1024.612549758,431.8386561252,1339.7356766780001,552.8576962476,1679.1881813896,1002.9865492664,1099.2852783684002,812.6767582416,1534.4820821199999,990.2443324008,584.1483456748,868.4755269424,1254.3314593983998,1118.1060449328,710.4174660016001,1273.1594712776,770.1897731044,1479.30792744,1427.2940476263998,1127.5375611151997,1140.3186357152,1550.1697536199997,397.68270135399996,848.9052867400001,1167.8337161572,621.616508996,533.1198060444,697.9330750744,1227.95048158,790.4940308552,783.2206127759998,1596.5386211076,1088.2592382651999
8.150000000000002,772.7439165272001,1368.6408732495997,800.491497444,1465.197785818,1227.0351964640001,1419.0864935768,1155.546526806,1455.1063166724002,723.3346288216001,2196.948160608,873.3340768063999,1992.7015567236,312.0953667824,529.9171686456,1824.2065230036,1286.75720784,1297.8820002392001,1453.4572387435999,648.32175373,1249.5373992256,1486.087333764,1495.4505811116,1351.64994984,928.0624426123999,586.3015413256,1023.0739902144,1445.187918992,809.5598878608,890.3802444611999,1006.2935544864,716.3309272795999,874.8985118072,981.7276545632001,1250.864097836,1127.0710916964001,2071.27071862,1537.2641299800002,867.5513041552,1118.78941982,573.029299208
8.250000000000002,988.2866355936,1745.8342306736004,793.932660272,647.6109616896,1630.5328165912,1466.090817934,1522.7997301008,1193.0216712095998,973.844140592,944.6142083128,1260.5704435256,933.033571766,1473.92254228,1628.6447103984,1957.0950863627997,940.1822934332,839.6939980688,823.3655664536,1134.6688711028,898.2676956759999,946.0224870852,192.52011810799996,673.7075006844,1114.8003809400002,773.8451701831999,1293.5550017408,1377.8013998128001,985.7531335816001,943.3628219308,562.3949689664,627.9610671767999,730.9178900343999,1417.7554686592,884.8989764908,635.5074641363999,1333.710442652,1025.5813251595998,1185.3180855776,755.2270688271999,1210.778780976
8.350000000000003,1728.0435714692,588.6665435988,1145.6730098612,632.798360448,745.1098324596,822.4974065432,688.81858406,743.1256319720001,1693.5094932908,893.49575107,1198.234555868,1366.5953943588,1143.6056813164,661.928370524,1359.7122490104,525.4255956284001,1564.461558578,1116.4432664904,935.4911350559998,1601.9263910024001,1078.4437755816,838.6201930607999,990.0579239532,1516.6628265831998,825.9181834848,1185.4708128559998,629.5917195368,1967.0968087272001,1111.3010496044,1509.6858608476,803.4080657683999,1660.2489895351998,1262.410682364,1715.49483928,739.7982957576,1163.3807360536,992.8637477512,729.551711806,2406.8496372600002,1215.7514908176
8.450000000000003,1115.4013818044,1738.1678945747997,525.2644261512,1380.9770481055998,1020.7341438503998,1538.1886429915996,1287.3075112672,1949.47506609,1717.44588258,1057.4717072552,1150.6163732008,1170.2485087272,450.6355516608,664.6540591296,1422.788051432,1175.9348560424,1185.9628807408,1554.34490134,452.2109289488,1572.0156486779997,895.9383555751999,1027.612085344,718.15640282,681.9239271,1224.0881549599999,1374.1058402163999,1899.2629641395997,1258.12384596,788.793065804,935.8748582343999,1941.1716439791999,650.1116517631999,690.9958857383999,701.586935168,1279.348690988,752.7637662779999,1709.5821775956001,1072.0560279279998,926.3627153391999,2097.0221381779998
8.550000000000002,1378.2099446016002,683.5595177296,757.2774218324,1197.5127860644,948.7424955895999,1563.1703576456002,1552.9611105036001,1110.1139881432,751.7973031732,1660.2516805840003,1228.8709350223999,514.4528726968,791.9806039376,1735.7006557944,1651.3504987724,726.9030986952,630.0010224207999,1523.8621677748001,1058.3125090672,706.5393975487999,1322.5407716875998,1658.5589040316,699.6642612192001,1593.8101018448,1529.538825324,1114.7529308632002,632.6707190095999,804.9684595412,619.4711665868,1097.5150369412,1792.3021470663998,2291.822414512,1021.2358179164,995.3578444624,517.130630868,1111.7276739288002,1147.6763631200001,1460.1925592616,444.4847185,1206.292872638
8.650000000000002,870.3372601467998,1711.8381085364,691.0845464368,774.3167503276,410.6734729467999,774.7033100888001,1048.883360548,922.6349601631999,746.2084401336,1254.6529299928002,1179.049793398,1074.6689497124,1031.9483096212,793.7162770716,290.84219922960006,1051.7827794336,904.1553112832,774.5358514048,1218.2205228676,871.2079442712,860.8153613599999,1280.0019893944,533.4987076348,1153.1325760352,1168.472194854,1310.3817200823999,1211.5873310975999,895.5163541111999,754.1595806316,1145.9716124203999,422.4547665904,1278.830972636,1835.8746629952,713.4963947992001,690.0684623495999,1262.5484115972001,576.8800943328,2339.8088385288,645.0376610608,1338.2602953304
8.750000000000002,981.7540229591999,1063.2500088712,1461.9432996912,1420.7941056947998,1243.0280187208,764.0693538068,1111.6301122851999,1174.8199444784,739.6770613192,1093.4458030380001,490.0631466564,872.3188675143999,1370.9467236884,1259.1228150627999,1972.4944838416,976.0012808035999,1091.9434875036,1719.3939856712,932.0233384599999,1721.6678428952005,1519.6531445076,1525.9972654559997,1669.8489908284,981.9308190592,1331.3599146504,1795.2939007119999,1017.7334877988001,1139.9147581431998,891.3585322847999,1575.9282993708,825.8694927792001,1101.3432950167999,1028.863860208,929.4799706143999,686.7094049496,1663.0258149816,705.1002236988,755.0599845096,1020.7362215408,835.9633974960001
8.850000000000003,1300.0097274172,809.1667605411999,1657.7346827911997,664.4002618991999,1212.6755468351998,1178.225944624,1920.0548374916,1231.3053562688,997.2682087024,1504.2744755992,718.4693417384,778.7660369276,776.0982029055999,828.8436836308,865.2745204183999,790.1872773736001,1160.8765601615999,1296.9444576068,825.7230561068,1006.3479005480001,725.2328650059999,985.2310419552,972.3906265808,1337.7884817904,555.1764746564,1778.0761860960001,1939.0197165252002,813.5461564968,999.2253184376,1447.8605217923998,666.276912898,1040.8012472296,1481.0913219536,696.92457953,1792.0251631392,1143.5608865680001,1395.8468532896,1199.3013953344,886.6972719520002,1714.9143904192001
8.950000000000003,1312.2534005491998,434.018513846,794.3943593744,1257.1665153447998,799.0401032935999,1345.0286008648,786.9222722552,1310.6590420384,1305.1078596196,989.0668549520001,1271.09356636,1208.334062316,746.4082034400001,1506.61966796,1281.5539955939998,1295.1626484127999,891.4590909619999,795.2565624656,1145.2819064416,855.7199352324,708.6024591232001,1715.1778789808002,1139.5441881348,891.4945381719999,1494.5524500888,1971.6922427079999,1283.0204885572,1292.6831873372,960.824595884,906.4543967879999,1012.7034122936,1294.3331618572001,1556.8563148864,1282.109194446,760.9471999120001,1098.6805189816,1150.3546650455999,1114.8150202760003,1241.833278964,1684.6992277880001
9.050000000000002,729.0015983768001,1087.0958288404,1466.8202166863998,1597.7470438107998,1356.2704320772,1433.6415032103998,1357.1433209296001,1062.3358415896,394.91153233359995,1034.3996958576001,906.6965855479998,1653.8779286,1802.7541582712001,1036.2312220292001,922.1541605824,1216.3026607596,704.0135036992,1714.9253434103998,1040.2775422964,1814.1857863424002,1441.33852822,907.579936652,1037.5460013796,920.4308415068001,389.59821463720004,1076.7433221672,1478.3372839283998,1565.6013774044,811.5818474667999,1001.8571961271999,1037.5581177476,523.0992503156001,1429.8135941888002,1326.1193117612002,1413.9656574136,1106.5162321384,2278.6325691528,1565.0694414268,1550.7615141792003,1583.4027438015999
9.150000000000002,1219.6964867808001,904.4518167243999,1504.9161494556,1064.1891776136,1248.0584979563998,2094.9330989227997,1235.3365320820003,663.9668006628001,1204.3839501872,572.980595408,1057.55485638,1065.7380900051999,450.7752544668,1276.4970377860002,1219.0866287768,461.6275814688,1007.0906033776,842.9182627,989.8080765484,1255.6107560391997,1221.2980404392,978.12818742,1334.7834168139998,1548.9494266896002,2361.3396438768004,814.1611500376,523.5120573147999,1229.5334030968,1768.0885660176,1018.4912362900001,950.0905146663999,899.8280542955999,1832.3006793912,1345.56226251,1398.2812019272,1029.5068215264,1062.2561072784001,1490.2451996232,1750.3368333367998,606.1828585467999
9.250000000000002,1076.6701562196,1499.8202244264003,1094.229235764,973.7589521872001,1032.0514260048,1084.0071284976,854.0003821972,1659.4899911848001,1043.9408843172,1366.6125057864,1003.1631412444,1327.7514371707998,766.96586235,1558.1366465183999,1997.816109066,1341.229913352,1114.3238125848,2008.3424839648,685.061153332,501.274681118,1673.6216323268,854.6126854704,1303.0016852076,1218.1139070528,340.6741781516,1065.2733723592,1819.6750378607999,1410.7271101359997,1095.317709156,910.1221424432,2600.704066588,621.6526620664001,1536.6968225292,2491.5909816783997,1064.8231087039999,914.3532820884,1299.8484142224,1766.846206876,1310.6297258224,1143.135278758
9.350000000000003,990.6886565335999,815.815515988,1081.3465506796,1310.5150939527998,1249.9706307108,1468.8746172152,1171.4485300744,598.9748308123999,2521.9349967900002,503.3681528388,1987.968443452,1684.8588772008,1385.1334983904,1442.3433739647999,951.1637446331999,1535.5679555511997,1556.4225879292,847.2066437728,693.7778425112,1297.5321134652,1225.4654491764,1649.4935388612,1196.8311177179999,1091.9389128576,1183.5164394464,1717.5055458008,706.6538283095999,1430.7891924363998,1080.4368625604,1111.2321398792,1030.388550784,1454.4214524679999,855.361573036,775.3926752631999,1030.7450528052,2446.958358404,1155.395672302,1826.5275804479998,1440.8631651592,1065.8245536052
9.450000000000003,1754.3787055516002,835.1312086703999,734.6396561736,1093.771185026,1620.217832012,2409.3462321892,1034.0696708812,2686.9697764439998,758.9041216039999,213.5220053392,1636.8005101968,1158.732879212,1241.6960327652,713.3617305332,1098.8206875928,1324.9966146952002,1337.4693502064,1128.7290234424,1424.9452195528002,860.1434822763999,862.2476618407999,1510.8640770808,1294.012221044,1610.5540529424,1690.2050206079998,1827.8034327376,1005.9686699176,1162.8440345336,1743.7312045423996,1339.5546147196,1450.6244047752,1714.1853547172,1029.8632633488,1439.7841777732,1646.652139536,1966.2455586052001,1880.7627103592,856.9595397639998,1193.2729042432002,1368.2523293396
9.550000000000002,2035.5247259544,1609.9725121928,648.5936501924,1099.9686325608,666.6631406088,1173.4304445787998,1120.264453968,1877.8271074591999,1296.8678320791998,1194.5372054336,1217.882231696,1172.7103580652,1223.9885525676,1661.6160590108,900.302220394,1176.8510440896,1794.5177824547998,1693.3118091275999,1495.9437182392,1196.643049124,1060.6954350656001,1366.4971885364002,1437.3998227652,930.4026617316,881.5333331464,1219.3861994656,1388.6361684071999,2237.7612679596,1392.9923633776,427.29252471200004,800.7080601424,966.5859084952,1001.0541419728,1091.1291426496,1649.8509480891998,2092.7249329752,1463.5901075959998,1404.778387572,1934.6190135328002,1441.5093402000002
9.650000000000002,1133.5872388384,993.6203859167999,1082.60784164,1272.2820436759998,1118.9433346435999,1544.9909712288,1330.5202915132,1382.4523757252,1511.9541224395998,1363.7779754704002,1089.0170803643998,1058.4734457904,1156.0122742768,1303.7525239724,1766.9008483596,1082.2943415732,853.2924592867998,1427.5432182283998,1178.8671607400001,1846.06108508,1148.7858053904001,859.0501880119999,942.2016794087999,1372.5310228976,1186.694162488,1134.6921285527999,2017.0407250140001,802.572230766,1562.7407560456,1074.5592630992,1087.8821312651999,1365.5440725136,1666.17899195,1202.2695783816,2220.610874678,1696.7001635660001,1095.7496647588,1958.6495572995996,1554.3099722135998,1513.7023844072
9.750000000000002,860.5684991347999,918.7750713544001,1736.5656426632,859.5449534672,1459.5920873999999,1604.0380501288,1712.7675025008002,1677.0994597304002,1461.9889979232,855.95547701,1447.6348856159998,1287.5383921756,982.2055473288,1262.603706632,1325.5929675196,1191.7673769724001,1577.6921677176001,1390.8732076188,1798.1296417892,859.8601519252,1785.3728357024002,1405.4658512508,1404.7586339952,1417.9673255472,1542.0029659400002,1947.9336635328,712.388414664,1018.3225165599999,668.3742162167999,1661.6925970224002,1982.0990335012002,953.1943565423999,1072.3598053456,2638.9040471800004,1298.6027963840002,1274.282106048,1845.020297502,1730.1556587952,476.670619372,1286.2315169439998
9.850000000000003,1299.89223224,1348.1995519191998,1637.9932052924,533.8098714272,1020.0734248844,1553.6437504388,1246.9577586172,2063.102764952,1386.9792122984,848.9707253380001,1570.0521895296001,1023.3480210219999,212.43568205279996,1233.8982470908002,1476.0509596216,1514.145123494,1777.7532634744,1294.0128698724,1865.2786517639997,1440.2027232768,1215.4390785648,1661.0498571368,1539.8290706752,730.612428818,2189.1441349168,425.47463376959996,1010.5391201735999,1084.6167903332,1558.8805351011997,876.0908982096,1156.1952175295999,2140.1512893192003,1167.7983889388001,846.1722602223999,1244.0917761935998,1368.8660979055999,1125.6403797856,1885.5445038235998,947.0141602076,1081.7192349059999
9.950000000000003,2043.2394203076,975.31259968,775.3512020855999,1805.8995327131997,708.06332434,1043.8599825679999,956.0252595392,1189.7608807788,722.8641304096,1494.6849511583998,1203.2929360727999,1334.7268862788,1963.464798728,1066.7724871536,1672.8808651996,562.5348430184,474.5574792328,798.5963436372001,1425.5285782936,892.7686988608,1278.3424995672,1315.212523664,1022.9480919428,1500.0219786528,1112.9157925072,1101.3157301312,1562.9156300816,924.6985249556,1248.1953987312,1960.7125364908,580.9489892452,1648.5311385992,914.8600681379999,908.8863903188001,1145.9851703351999,1222.3528117075998,1725.9323667776002,685.5691295776,2209.5033895928,1265.7456092984
