event,time,magnitude,e_magnitude,upperlimit,band,system,instrument,telescope,source
GW170817,57743.334,20.44,,T,r,AB,,Prompt5,2017ApJ...848L..24V
GW170817,57790.358,21.39,,T,r,AB,,Prompt5,2017ApJ...848L..24V
GW170817,57791.323,21.34,,T,r,AB,,Prompt5,2017ApJ...848L..24V
GW170817,57792.326,21.26,,T,r,AB,,Prompt5,2017ApJ...848L..24V
GW170817,57793.335,21.10,,T,r,AB,,Prompt5,2017ApJ...848L..24V
GW170817,57794.324,20.58,,T,r,AB,,Prompt5,2017ApJ...848L..24V
GW170817,57795.325,20.33,,T,r,AB,,Prompt5,2017ApJ...848L..24V
GW170817,57796.256,19.90,,T,r,AB,,Prompt5,2017ApJ...848L..24V
GW170817,57797.247,20.16,,T,r,AB,,Prompt5,2017ApJ...848L..24V
GW170817,57798.192,19.85,,T,r,AB,,Prompt5,2017ApJ...848L..24V
GW170817,57801.225,20.37,,T,r,AB,,Prompt5,2017ApJ...848L..24V
GW170817,57803.328,20.83,,T,r,AB,,Prompt5,2017ApJ...848L..24V
GW170817,57817.386,20.78,,T,r,AB,,Prompt5,2017ApJ...848L..24V
GW170817,57818.284,20.91,,T,r,AB,,Prompt5,2017ApJ...848L..24V
GW170817,57819.272,20.90,,T,r,AB,,Prompt5,2017ApJ...848L..24V
GW170817,57822.095,19.97,,T,r,AB,,Prompt5,2017ApJ...848L..24V
GW170817,57840.217,20.86,,T,r,AB,,Prompt5,2017ApJ...848L..24V
GW170817,57841.220,21.03,,T,r,AB,,Prompt5,2017ApJ...848L..24V
GW170817,57842.166,20.74,,T,r,AB,,Prompt5,2017ApJ...848L..24V
GW170817,57843.213,20.83,,T,r,AB,,Prompt5,2017ApJ...848L..24V
GW170817,57845.204,20.90,,T,r,AB,,Prompt5,2017ApJ...848L..24V
GW170817,57847.195,20.73,,T,r,AB,,Prompt5,2017ApJ...848L..24V
GW170817,57848.200,20.87,,T,r,AB,,Prompt5,2017ApJ...848L..24V
GW170817,57849.357,20.63,,T,r,AB,,Prompt5,2017ApJ...848L..24V
GW170817,57850.199,20.24,,T,r,AB,,Prompt5,2017ApJ...848L..24V
GW170817,57851.195,19.74,,T,r,AB,,Prompt5,2017ApJ...848L..24V
GW170817,57852.179,19.56,,T,r,AB,,Prompt5,2017ApJ...848L..24V
GW170817,57856.361,19.45,,T,r,AB,,Prompt5,2017ApJ...848L..24V
GW170817,57857.178,18.41,,T,r,AB,,Prompt5,2017ApJ...848L..24V
GW170817,57858.166,20.07,,T,r,AB,,Prompt5,2017ApJ...848L..24V
GW170817,57864.154,21.01,,T,r,AB,,Prompt5,2017ApJ...848L..24V
GW170817,57865.142,20.93,,T,r,AB,,Prompt5,2017ApJ...848L..24V
GW170817,57866.260,21.02,,T,r,AB,,Prompt5,2017ApJ...848L..24V
GW170817,57867.152,21.04,,T,r,AB,,Prompt5,2017ApJ...848L..24V
GW170817,57869.131,20.67,,T,r,AB,,Prompt5,2017ApJ...848L..24V
GW170817,57870.126,20.92,,T,r,AB,,Prompt5,2017ApJ...848L..24V
GW170817,57871.122,20.65,,T,r,AB,,Prompt5,2017ApJ...848L..24V
GW170817,57872.194,20.66,,T,r,AB,,Prompt5,2017ApJ...848L..24V
GW170817,57873.118,20.71,,T,r,AB,,Prompt5,2017ApJ...848L..24V
GW170817,57874.115,20.60,,T,r,AB,,Prompt5,2017ApJ...848L..24V
GW170817,57876.165,20.76,,T,r,AB,,Prompt5,2017ApJ...848L..24V
GW170817,57877.094,20.55,,T,r,AB,,Prompt5,2017ApJ...848L..24V
GW170817,57878.106,20.30,,T,r,AB,,Prompt5,2017ApJ...848L..24V
GW170817,57879.077,20.25,,T,r,AB,,Prompt5,2017ApJ...848L..24V
GW170817,57888.262,19.79,,T,r,AB,,Prompt5,2017ApJ...848L..24V
GW170817,57889.251,19.88,,T,r,AB,,Prompt5,2017ApJ...848L..24V
GW170817,57890.296,19.61,,T,r,AB,,Prompt5,2017ApJ...848L..24V
GW170817,57893.000,19.88,,T,r,AB,,Prompt5,2017ApJ...848L..24V
GW170817,57894.062,20.27,,T,r,AB,,Prompt5,2017ApJ...848L..24V
GW170817,57895.045,20.65,,T,r,AB,,Prompt5,2017ApJ...848L..24V
GW170817,57901.215,19.69,,T,r,AB,,Prompt5,2017ApJ...848L..24V
GW170817,57902.048,20.16,,T,r,AB,,Prompt5,2017ApJ...848L..24V
GW170817,57903.047,20.12,,T,r,AB,,Prompt5,2017ApJ...848L..24V
GW170817,57904.044,20.70,,T,r,AB,,Prompt5,2017ApJ...848L..24V
GW170817,57905.042,20.45,,T,r,AB,,Prompt5,2017ApJ...848L..24V
GW170817,57906.011,20.24,,T,r,AB,,Prompt5,2017ApJ...848L..24V
GW170817,57906.998,20.06,,T,r,AB,,Prompt5,2017ApJ...848L..24V
GW170817,57923.145,20.61,,T,r,AB,,Prompt5,2017ApJ...848L..24V
GW170817,57923.981,19.65,,T,r,AB,,Prompt5,2017ApJ...848L..24V
GW170817,57961.099,19.84,,T,r,AB,,Prompt5,2017ApJ...848L..24V
GW170817,57961.995,19.676,,T,C,,,,Transient Name Server
GW170817,57961.995,19.36,,T,r,AB,,Prompt5,2017ApJ...848L..24V
GW170817,57982.9613611,15.5,,T,V,AB,,MASTER,2017arXiv171005461L
GW170817,57982.98,17.3,,F,i,,,,Transient Name Server
GW170817,57982.9814,17.48,0.02,F,i,AB,Swope,Swope,"2017Sci...358.1570D,2017ApJ...851L..21V"
GW170817,57982.9902,18.26,0.15,F,H,AB,FourStar,Magellan,2017Sci...358.1570D
GW170817,57982.9919907,17.3335,0.06,F,C,,,,Transient Name Server
GW170817,57982.993,17.46,0.03,F,r,AB,,Prompt5,2017ApJ...848L..24V
GW170817,57982.999,18.62,0.05,F,Ks,AB,VIRCAM,VISTA,2017ApJ...848L..27T
GW170817,57983.0000,17.83,0.15,F,J,AB,FourStar,Magellan,2017Sci...358.1570D
GW170817,57983.0000,17.35,0.02,F,V,AB,LDSS,Magellan,2017Sci...358.1570D
GW170817,57983.0000,17.33,,F,r,AB,LDSS,Magellan,2017Sci...358.1574S
GW170817,57983.0000,17.67,0.03,F,z,AB,LDSS,Magellan,2017Sci...358.1574S
GW170817,57983.0014537,17.5,0.2,F,W,AB,,MASTER,2017arXiv171005461L
GW170817,57983.003059500006,17.480130787100002,0.02529849344005,F,i,AB,DECam,,2017ApJ...848L..17C
GW170817,57983.0037414,17.5902045028,0.02912213500222,F,z,AB,DECam,,2017ApJ...848L..17C
GW170817,57983.0057,17.41,0.02,F,g,AB,LDSS,Magellan,2017Sci...358.1574S
GW170817,57983.009,17.88,0.03,F,J,AB,VIRCAM,VISTA,2017ApJ...848L..27T
GW170817,57983.0106,17.41,0.04,F,g,AB,LDSS,Magellan,2017Sci...358.1570D
GW170817,57983.011,17.49,0.04,F,w,AB,Sinistro,LCO 1m,2017arXiv171005843A
GW170817,57983.0141,17.39,0.02,F,g,AB,LDSS,Magellan,2017Sci...358.1574S
GW170817,57983.0147755,17.1,0.2,F,W,AB,,MASTER,2017arXiv171005461L
GW170817,57983.018251,17.08,0.02,F,I,Vega,LDSS,Magellan,2017Sci...358.1574S
GW170817,57983.018251,17.15,0.01,F,R,Vega,LDSS,Magellan,2017Sci...358.1574S
GW170817,57983.018251,17.33,0.02,F,V,Vega,LDSS,Magellan,2017Sci...358.1574S
GW170817,57983.018251,17.47,0.02,F,i,AB,LDSS,Magellan,2017Sci...358.1574S
GW170817,57983.019,17.46,0.01,F,Y,AB,VIRCAM,VISTA,2017ApJ...848L..27T
GW170817,57983.028,17.56,0.04,F,r,AB,,Prompt5,2017ApJ...848L..24V
GW170817,57983.029,18.64,0.06,F,Ks,AB,VIRCAM,VISTA,2017ApJ...848L..27T
GW170817,57983.0300,18.41,0.15,F,Ks,AB,FourStar,Magellan,2017Sci...358.1570D
GW170817,57983.039,17.82,0.03,F,J,AB,VIRCAM,VISTA,2017ApJ...848L..27T
GW170817,57983.05,17.320,0.070,F,g,AB,ROS2,REM,2017arXiv171005858P
GW170817,57983.05,16.984,0.050,F,i,AB,ROS2,REM,2017arXiv171005858P
GW170817,57983.05,17.140,0.080,F,r,AB,ROS2,REM,2017arXiv171005858P
GW170817,57983.05,16.854,0.100,F,z,AB,ROS2,REM,2017arXiv171005858P
GW170817,57983.059,18.42,0.04,F,Ks,AB,FLAMINGOS-2,Gemini-S,2017arXiv171005436K
GW170817,57983.059977,17.63,,F,B,Vega,LDSS,Magellan,2017Sci...358.1574S
GW170817,57983.059977,17.12,0.02,F,I,Vega,LDSS,Magellan,2017Sci...358.1574S
GW170817,57983.059977,17.17,0.01,F,R,Vega,LDSS,Magellan,2017Sci...358.1574S
GW170817,57983.059977,17.35,0.02,F,V,Vega,LDSS,Magellan,2017Sci...358.1574S
GW170817,57983.059977,17.51,0.02,F,i,AB,LDSS,Magellan,2017Sci...358.1574S
GW170817,57983.059977,17.34,0.01,F,r,AB,LDSS,Magellan,2017Sci...358.1574S
GW170817,57983.059977,17.59,,F,z,AB,LDSS,Magellan,2017Sci...358.1574S
GW170817,57983.155719,21.12,,F,M2,AB,UVOT,Swift,2017arXiv171005437E
GW170817,57983.162919,19.46,,F,W1,AB,UVOT,Swift,2017arXiv171005437E
GW170817,57983.16719907407,18.2024703,0.08934450000000001,F,U,AB,UVOT,Swift,2017ApJ...848L..17C
GW170817,57983.167219,18.19,,F,U,AB,UVOT,Swift,2017arXiv171005437E
GW170817,57983.171619,21.13,,F,W2,AB,UVOT,Swift,2017arXiv171005437E
GW170817,57983.229,17.40,0.01,F,z,AB,HSC,Subaru,2017arXiv171005848U
GW170817,57983.23125,17.24,0.06,F,i,AB,PS1,PAN-STARRS,2017arXiv171005841S
GW170817,57983.23125,17.38,0.10,F,y,AB,PS1,PAN-STARRS,2017arXiv171005841S
GW170817,57983.23125,17.26,0.06,F,z,AB,PS1,PAN-STARRS,2017arXiv171005841S
GW170817,57983.2319907,17.28,0.13,F,y,,GPC1,PS1,Transient Name Server
GW170817,57983.382,17.31,0.04,F,w,AB,Sinistro,LCO 1m,2017arXiv171005843A
GW170817,57983.38678241,17.42,0.05,F,i,AB,skymapper,skymapper,2017arXiv171005846A
GW170817,57983.401,17.28,0.12,F,g,AB,Sinistro,LCO 1m,"2017arXiv171005843A,2017arXiv171011576V"
GW170817,57983.405,17.20,0.02,F,r,AB,Sinistro,LCO 1m,"2017arXiv171005843A,2017arXiv171011576V"
GW170817,57983.41925926,17.32,0.07,F,r,AB,skymapper,skymapper,2017arXiv171005846A
GW170817,57983.42064815,17.46,0.08,F,g,AB,skymapper,skymapper,2017arXiv171005846A
GW170817,57983.509444444455,18.9034076,0.1656082,F,U,AB,UVOT,Swift,2017ApJ...848L..17C
GW170817,57983.54987027,17.14,0.13,F,i,AB,AST3-2,AST3-2,"2017arXiv171011576V,2017arXiv171005462H"
GW170817,57983.569219,20.21,,F,W1,AB,UVOT,Swift,2017arXiv171005437E
GW170817,57983.57148148147,18.980041,0.16237120000000002,F,U,AB,UVOT,Swift,2017ApJ...848L..17C
GW170817,57983.571619,19.00,,F,U,AB,UVOT,Swift,2017arXiv171005437E
GW170817,57983.575419,21.45,,T,W2,AB,UVOT,Swift,2017arXiv171005437E
GW170817,57983.593719,22.52,,F,M2,AB,UVOT,Swift,2017arXiv171005437E
GW170817,57983.59437840,17.48,0.07,F,i,AB,AST3-2,AST3-2,"2017arXiv171011576V,2017arXiv171005462H"
GW170817,57983.62518802,17.58,0.09,F,i,AB,AST3-2,AST3-2,"2017arXiv171011576V,2017arXiv171005462H"
GW170817,57983.699,17.64,0.04,F,H,AB,SIRIUS,IRSF,2017arXiv171005848U
GW170817,57983.699,17.51,0.03,F,J,AB,SIRIUS,IRSF,2017arXiv171005848U
GW170817,57983.699,17.91,0.05,F,Ks,AB,SIRIUS,IRSF,2017arXiv171005848U
GW170817,57983.7171134,17.3,0.2,F,W,AB,,MASTER,2017arXiv171005461L
GW170817,57983.718519,18.47,0.11,F,B,AB,,SAAO,2017arXiv171005433T
GW170817,57983.718519,17.58,0.1,F,I,AB,,SAAO,2017arXiv171005433T
GW170817,57983.718519,17.65,0.05,F,R,AB,,SAAO,2017arXiv171005433T
GW170817,57983.718519,17.81,0.04,F,V,AB,,SAAO,2017arXiv171005433T
GW170817,57983.7264884,17.0,0.2,F,R,AB,,MASTER,2017arXiv171005461L
GW170817,57983.733,17.95,0.04,F,w,AB,Sinistro,LCO 1m,2017arXiv171005843A
GW170817,57983.7360602,18.1,0.1,F,B,AB,,MASTER,2017arXiv171005461L
GW170817,57983.741,17.75,0.02,F,r,AB,Sinistro,LCO 1m,"2017arXiv171005843A,2017arXiv171011576V"
GW170817,57983.745,18.05,0.12,F,g,AB,Sinistro,LCO 1m,"2017arXiv171005843A,2017arXiv171011576V"
GW170817,57983.75833,17.89,0.03,F,r,AB,1.5B,,2017arXiv171005841S
GW170817,57983.9640,18.22,0.08,F,V,AB,EFOSC2,NTT,2017Sci...358.1570D
GW170817,57983.968,18.431,0.057,F,g,AB,,T80S,2017ApJ...848L..29D
GW170817,57983.968,18.23,0.04,F,w,AB,Sinistro,LCO 1m,2017arXiv171005843A
GW170817,57983.9687,18.16,0.05,F,V,AB,EFOSC2,NTT,2017Sci...358.1570D
GW170817,57983.96875,17.64,0.08,F,H,AB,GROND,LaSilla,2017arXiv171005841S
GW170817,57983.96875,17.58,0.07,F,J,AB,GROND,LaSilla,2017arXiv171005841S
GW170817,57983.96875,17.85,0.15,F,K,AB,GROND,LaSilla,"2017arXiv171011576V,2017arXiv171005841S"
GW170817,57983.96875,18.49,0.04,F,g,AB,GROND,LaSilla,2017arXiv171005841S
GW170817,57983.96875,17.85,0.05,F,i,AB,GROND,LaSilla,2017arXiv171005841S
GW170817,57983.96875,17.99,0.01,F,r,AB,GROND,LaSilla,2017arXiv171005841S
GW170817,57983.96875,17.72,0.03,F,z,AB,GROND,LaSilla,2017arXiv171005841S
GW170817,57983.969,17.69,0.02,F,r,AB,FORS,VLT,2017ApJ...848L..27T
GW170817,57983.9701,18.13,0.08,F,V,AB,EFOSC2,NTT,2017Sci...358.1570D
GW170817,57983.972,17.88,0.10,F,i,AB,Sinistro,LCO 1m,"2017arXiv171005843A,2017arXiv171011576V"
GW170817,57983.9737,18.507,0.039,F,g,AB,,T80S,2017ApJ...848L..29D
GW170817,57983.9748,18.481,0.037,F,g,AB,,T80S,2017ApJ...848L..29D
GW170817,57983.9759,18.615,0.043,F,g,AB,,T80S,2017ApJ...848L..29D
GW170817,57983.976,17.98,0.08,F,r,AB,Sinistro,LCO 1m,"2017arXiv171005843A,2017arXiv171011576V"
GW170817,57983.976350699995,17.3152541007,0.025659540104609996,F,Y,AB,DECam,,2017ApJ...848L..17C
GW170817,57983.9768,17.62,0.06,F,z,AB,LDSS,Magellan,2017Sci...358.1570D
GW170817,57983.9770265,17.592973982,0.02197152849233,F,z,AB,DECam,,2017ApJ...848L..17C
GW170817,57983.9771,17.925,0.022,F,r,AB,,T80S,2017ApJ...848L..29D
GW170817,57983.97771490001,17.7848867885,0.02151655145699,F,i,AB,DECam,,2017ApJ...848L..17C
GW170817,57983.9782,17.966,0.024,F,r,AB,,T80S,2017ApJ...848L..29D
GW170817,57983.97839990001,18.0406133217,0.023977895134540003,F,r,AB,DECam,,2017ApJ...848L..17C
GW170817,57983.9784,17.61,0.06,F,z,AB,LDSS,Magellan,2017Sci...358.1570D
GW170817,57983.9790,17.61,0.06,F,z,AB,LDSS,Magellan,2017Sci...358.1570D
GW170817,57983.9790744,18.6643835894,0.02786234183509,F,g,AB,DECam,,2017ApJ...848L..17C
GW170817,57983.9792,17.937,0.024,F,r,AB,,T80S,2017ApJ...848L..29D
GW170817,57983.9797554,19.939139444000002,0.0548237969632,F,u,AB,DECam,,2017ApJ...848L..17C
GW170817,57983.9798,17.77,0.03,F,i,AB,LDSS,Magellan,2017Sci...358.1570D
GW170817,57983.98,17.664,0.064,F,I,AB,ROS2,REM,2017arXiv171005858P
GW170817,57983.980,18.61,0.14,F,g,AB,Sinistro,LCO 1m,"2017arXiv171005843A,2017arXiv171011576V"
GW170817,57983.98,17.675,0.134,F,r,AB,ROS2,REM,2017arXiv171005858P
GW170817,57983.98,17.611,0.098,F,z,AB,ROS2,REM,2017arXiv171005858P
GW170817,57983.9804,17.743,0.029,F,i,AB,,T80S,2017ApJ...848L..29D
GW170817,57983.9806,17.91,0.03,F,r,AB,LDSS,Magellan,2017Sci...358.1570D
GW170817,57983.9810,17.61,0.04,F,Ks,AB,FourStar,Magellan,2017Sci...358.1570D
GW170817,57983.9813,17.47,0.01,F,J,AB,FourStar,Magellan,2017Sci...358.1570D
GW170817,57983.9814,18.61,0.03,F,g,AB,LDSS,Magellan,2017Sci...358.1570D
GW170817,57983.9815,17.803,0.025,F,i,AB,,T80S,2017ApJ...848L..29D
GW170817,57983.9826,17.809,0.026,F,i,AB,,T80S,2017ApJ...848L..29D
GW170817,57983.9829,19.04,0.06,F,B,AB,LDSS,Magellan,2017Sci...358.1570D
GW170817,57983.984,18.582,0.031,F,g,AB,,T80S,2017ApJ...848L..29D
GW170817,57983.9843,19.04,0.07,F,B,AB,LDSS,Magellan,2017Sci...358.1570D
GW170817,57983.9851,18.547,0.030,F,g,AB,,T80S,2017ApJ...848L..29D
GW170817,57983.9862,18.607,0.038,F,g,AB,,T80S,2017ApJ...848L..29D
GW170817,57983.9874,17.946,0.020,F,r,AB,,T80S,2017ApJ...848L..29D
GW170817,57983.9875,18.66,0.03,F,g,AB,LDSS,Magellan,2017Sci...358.1570D
GW170817,57983.9885,17.983,0.024,F,r,AB,,T80S,2017ApJ...848L..29D
GW170817,57983.988519,19.09,0.11,F,B,AB,,CTIO,2017arXiv171005433T
GW170817,57983.988519,17.77,0.09,F,I,AB,,CTIO,2017arXiv171005433T
GW170817,57983.988519,17.94,0.05,F,R,AB,,CTIO,2017arXiv171005433T
GW170817,57983.988519,18.28,0.04,F,V,AB,,CTIO,2017arXiv171005433T
GW170817,57983.989,17.45,0.01,F,J,AB,VIRCAM,VISTA,2017ApJ...848L..27T
GW170817,57983.989,17.77,0.02,F,Ks,AB,VIRCAM,VISTA,2017ApJ...848L..27T
GW170817,57983.9895,17.987,0.026,F,r,AB,,T80S,2017ApJ...848L..29D
GW170817,57983.9902,17.52,0.01,F,H,AB,FourStar,Magellan,2017Sci...358.1570D
GW170817,57983.9908,17.776,0.021,F,i,AB,,T80S,2017ApJ...848L..29D
GW170817,57983.991,18.00,0.06,F,r,AB,,Prompt5,2017ApJ...848L..24V
GW170817,57983.991397,17.31,,F,I,Vega,LDSS,Magellan,2017Sci...358.1574S
GW170817,57983.991397,17.67,0.01,F,R,Vega,LDSS,Magellan,2017Sci...358.1574S
GW170817,57983.991397,18.18,0.01,F,V,Vega,LDSS,Magellan,2017Sci...358.1574S
GW170817,57983.991397,18.64,0.02,F,g,AB,LDSS,Magellan,2017Sci...358.1574S
GW170817,57983.991397,17.78,0.02,F,i,AB,LDSS,Magellan,2017Sci...358.1574S
GW170817,57983.991397,17.92,0.01,F,r,AB,LDSS,Magellan,2017Sci...358.1574S
GW170817,57983.9918,17.793,0.024,F,i,AB,,T80S,2017ApJ...848L..29D
GW170817,57983.9929,17.795,0.025,F,i,AB,,T80S,2017ApJ...848L..29D
GW170817,57983.9942,18.653,0.034,F,g,AB,,T80S,2017ApJ...848L..29D
GW170817,57983.9948,18.22,0.04,F,V,AB,Swope,Swope,"2017Sci...358.1570D,2017ApJ...851L..21V"
GW170817,57983.9953,18.604,0.038,F,g,AB,,T80S,2017ApJ...848L..29D
GW170817,57983.9963,18.632,0.037,F,g,AB,,T80S,2017ApJ...848L..29D
GW170817,57983.9975,18.025,0.026,F,r,AB,,T80S,2017ApJ...848L..29D
GW170817,57983.9986,18.017,0.023,F,r,AB,,T80S,2017ApJ...848L..29D
GW170817,57983.999,17.23,0.01,F,Y,AB,VIRCAM,VISTA,2017ApJ...848L..27T
GW170817,57983.9997,18.041,0.022,F,r,AB,,T80S,2017ApJ...848L..29D
GW170817,57984.00,17.951,0.020,F,r,AB,XS,VLT,2017arXiv171005858P
GW170817,57984.00,17.654,0.070,F,z,AB,XS,VLT,2017arXiv171005858P
GW170817,57984.000219907415,17.630000000000006,0.1,F,H,AB,Gemini,,2017ApJ...848L..17C
GW170817,57984.0009,17.743,0.024,F,i,AB,,T80S,2017ApJ...848L..29D
GW170817,57984.002,17.856,0.028,F,i,AB,,T80S,2017ApJ...848L..29D
GW170817,57984.0022,17.32,0.01,F,J1,AB,FourStar,Magellan,2017Sci...358.1570D
GW170817,57984.0031,17.847,0.025,F,i,AB,,T80S,2017ApJ...848L..29D
GW170817,57984.0043,18.693,0.036,F,g,AB,,T80S,2017ApJ...848L..29D
GW170817,57984.0054,18.666,0.030,F,g,AB,,T80S,2017ApJ...848L..29D
GW170817,57984.0065,18.623,0.036,F,g,AB,,T80S,2017ApJ...848L..29D
GW170817,57984.0077,18.008,0.020,F,r,AB,,T80S,2017ApJ...848L..29D
GW170817,57984.0088,18.008,0.023,F,r,AB,,T80S,2017ApJ...848L..29D
GW170817,57984.0099,18.069,0.027,F,r,AB,,T80S,2017ApJ...848L..29D
GW170817,57984.010,18.29,0.06,F,r,AB,,Prompt5,2017ApJ...848L..24V
GW170817,57984.0105,18.14,0.04,F,V,AB,EFOSC2,NTT,2017Sci...358.1570D
GW170817,57984.011,17.825,0.033,F,i,AB,,T80S,2017ApJ...848L..29D
GW170817,57984.0118,18.16,0.06,F,V,AB,EFOSC2,NTT,2017Sci...358.1570D
GW170817,57984.0121,17.772,0.025,F,i,AB,,T80S,2017ApJ...848L..29D
GW170817,57984.0129,18.18,0.04,F,V,AB,EFOSC2,NTT,2017Sci...358.1570D
GW170817,57984.0132,17.866,0.032,F,i,AB,,T80S,2017ApJ...848L..29D
GW170817,57984.0145,18.683,0.035,F,g,AB,,T80S,2017ApJ...848L..29D
GW170817,57984.0156,18.667,0.038,F,g,AB,,T80S,2017ApJ...848L..29D
GW170817,57984.0166,18.568,0.030,F,g,AB,,T80S,2017ApJ...848L..29D
GW170817,57984.0178,18.029,0.024,F,r,AB,,T80S,2017ApJ...848L..29D
GW170817,57984.0189,18.053,0.030,F,r,AB,,T80S,2017ApJ...848L..29D
GW170817,57984.02,18.041,0.022,F,r,AB,,T80S,2017ApJ...848L..29D
GW170817,57984.0212,17.831,0.029,F,i,AB,,T80S,2017ApJ...848L..29D
GW170817,57984.0223,17.898,0.031,F,i,AB,,T80S,2017ApJ...848L..29D
GW170817,57984.0233,17.880,0.033,F,i,AB,,T80S,2017ApJ...848L..29D
GW170817,57984.030619,20.79,,F,U,AB,UVOT,Swift,2017arXiv171005437E
GW170817,57984.0342,19.07,0.04,F,B,AB,Swope,Swope,"2017Sci...358.1570D,2017ApJ...851L..21V"
GW170817,57984.0438,17.80,0.02,F,i,AB,Swope,Swope,"2017Sci...358.1570D,2017ApJ...851L..21V"
GW170817,57984.0461,18.25,0.06,F,V,AB,EFOSC2,NTT,2017Sci...358.1570D
GW170817,57984.0471,18.18,0.10,F,V,AB,EFOSC2,NTT,2017Sci...358.1570D
GW170817,57984.0472,17.98,0.02,F,r,AB,Swope,Swope,"2017Sci...358.1570D,2017ApJ...851L..21V"
GW170817,57984.0481,20.11,0.23,F,U,AB,EFOSC2,NTT,2017Sci...358.1570D
GW170817,57984.04811,20.25,0.29,F,U,AB,EFOSC2,NTT,2017arXiv171005841S
GW170817,57984.0520,20.21,0.28,F,U,AB,EFOSC2,NTT,2017Sci...358.1570D
GW170817,57984.052219,22.07,,T,M2,AB,UVOT,Swift,2017arXiv171005437E
GW170817,57984.0548,18.49,0.12,F,g,AB,Swope,Swope,"2017Sci...358.1570D,2017ApJ...851L..21V"
GW170817,57984.0559,20.10,0.28,F,U,AB,EFOSC2,NTT,2017Sci...358.1570D
GW170817,57984.057819,21.20,,T,W1,AB,UVOT,Swift,2017arXiv171005437E
GW170817,57984.229,17.74,0.01,F,z,AB,HSC,Subaru,2017arXiv171005848U
GW170817,57984.23125,17.87,0.06,F,i,AB,PS1,PAN-STARRS,2017arXiv171005841S
GW170817,57984.23125,17.58,0.11,F,y,AB,PS1,PAN-STARRS,2017arXiv171005841S
GW170817,57984.23125,17.78,0.07,F,z,AB,PS1,PAN-STARRS,2017arXiv171005841S
GW170817,57984.309,18.80,0.07,F,g,AB,Tripol5,B&C,2017arXiv171005848U
GW170817,57984.309,18.19,0.06,F,i,AB,Tripol5,B&C,2017arXiv171005848U
GW170817,57984.309,18.26,0.04,F,r,AB,Tripol5,B&C,2017arXiv171005848U
GW170817,57984.357,18.69,0.05,F,w,AB,Sinistro,LCO 1m,2017arXiv171005843A
GW170817,57984.358519,20.1,0.12,F,B,AB,,SSO,2017arXiv171005433T
GW170817,57984.358519,18.79,0.05,F,V,AB,,SSO,2017arXiv171005433T
GW170817,57984.361,18.07,0.13,F,i,AB,Sinistro,LCO 1m,"2017arXiv171005843A,2017arXiv171011576V"
GW170817,57984.365,18.34,0.11,F,r,AB,Sinistro,LCO 1m,"2017arXiv171005843A,2017arXiv171011576V"
GW170817,57984.368519,17.98,0.09,F,I,AB,,SSO,2017arXiv171005433T
GW170817,57984.368519,18.34,0.05,F,R,AB,,SSO,2017arXiv171005433T
GW170817,57984.369,19.28,0.17,F,g,AB,Sinistro,LCO 1m,"2017arXiv171005843A,2017arXiv171011576V"
GW170817,57984.37936343,17.96,0.07,F,i,AB,skymapper,skymapper,2017arXiv171005846A
GW170817,57984.39232639,18.18,0.08,F,i,AB,skymapper,skymapper,2017arXiv171005846A
GW170817,57984.45625000,18.46,0.17,F,r,AB,zadko,zadko,2017arXiv171005846A
GW170817,57984.600819,21.97,,T,M2,AB,UVOT,Swift,2017arXiv171005437E
GW170817,57984.606219,21.79,,T,W1,AB,UVOT,Swift,2017arXiv171005437E
GW170817,57984.627719,21.98,,T,W2,AB,UVOT,Swift,2017arXiv171005437E
GW170817,57984.699,17.52,0.04,F,H,AB,SIRIUS,IRSF,2017arXiv171005848U
GW170817,57984.699,17.69,0.04,F,J,AB,SIRIUS,IRSF,2017arXiv171005848U
GW170817,57984.699,17.61,0.04,F,Ks,AB,SIRIUS,IRSF,2017arXiv171005848U
GW170817,57984.717044,18.4,0.2,F,W,AB,,MASTER,2017arXiv171005461L
GW170817,57984.718519,20.45,0.09,F,B,AB,,SAAO,2017arXiv171005433T
GW170817,57984.718519,18.26,0.12,F,I,AB,,SAAO,2017arXiv171005433T
GW170817,57984.718519,18.59,0.05,F,R,AB,,SAAO,2017arXiv171005433T
GW170817,57984.718519,19.25,0.05,F,V,AB,,SAAO,2017arXiv171005433T
GW170817,57984.738,18.92,0.10,F,r,AB,Sinistro,LCO 1m,"2017arXiv171005843A,2017arXiv171011576V"
GW170817,57984.741,18.90,0.11,F,r,AB,Sinistro,LCO 1m,"2017arXiv171005843A,2017arXiv171011576V"
GW170817,57984.745,18.33,0.12,F,i,AB,Sinistro,LCO 1m,"2017arXiv171005843A,2017arXiv171011576V"
GW170817,57984.748,18.26,0.15,F,i,AB,Sinistro,LCO 1m,"2017arXiv171005843A,2017arXiv171011576V"
GW170817,57984.7494167,18.0,0.3,F,R,AB,,MASTER,2017arXiv171005461L
GW170817,57984.751,19.06,0.07,F,V,Vega,Sinistro,LCO 1m,2017arXiv171005843A
GW170817,57984.751,18.25,0.30,F,z,AB,Sinistro,LCO 1m,"2017arXiv171005843A,2017arXiv171011576V"
GW170817,57984.757044,19.5,,T,B,AB,,MASTER,2017arXiv171005461L
GW170817,57984.758,19.93,0.21,F,g,AB,Sinistro,LCO 1m,"2017arXiv171005843A,2017arXiv171011576V"
GW170817,57984.758,19.11,0.06,F,w,AB,Sinistro,LCO 1m,2017arXiv171005843A
GW170817,57984.761,19.80,0.20,F,g,AB,Sinistro,LCO 1m,"2017arXiv171005843A,2017arXiv171011576V"
GW170817,57984.761,19.11,0.06,F,w,AB,Sinistro,LCO 1m,2017arXiv171005843A
GW170817,57984.76111,18.80,0.07,F,r,AB,PS1,PAN-STARRS,2017arXiv171005841S
GW170817,57984.883119,20.41,,T,U,AB,UVOT,Swift,2017arXiv171005437E
GW170817,57984.885019,19.31,,T,B,AB,UVOT,Swift,2017arXiv171005437E
GW170817,57984.889719,22.16,,T,W2,AB,UVOT,Swift,2017arXiv171005437E
GW170817,57984.895319,18.72,,T,V,AB,UVOT,Swift,2017arXiv171005437E
GW170817,57984.96,18.354,0.105,F,I,AB,ROS2,REM,2017arXiv171005858P
GW170817,57984.96,20.314,0.282,F,g,AB,ROS2,REM,2017arXiv171005858P
GW170817,57984.96,19.178,0.100,F,r,AB,ROS2,REM,2017arXiv171005858P
GW170817,57984.9620,17.55,0.06,F,Ks,AB,FourStar,Magellan,2017Sci...358.1570D
GW170817,57984.9625,17.55,0.01,F,J,AB,FourStar,Magellan,2017Sci...358.1570D
GW170817,57984.96775462963,17.71,0.09,F,H,AB,Gemini,,2017ApJ...848L..17C
GW170817,57984.968,19.10,0.11,F,r,AB,Sinistro,LCO 1m,"2017arXiv171005843A,2017arXiv171011576V"
GW170817,57984.96892,17.64,0.08,F,H,AB,GROND,LaSilla,2017arXiv171005841S
GW170817,57984.96892,17.73,0.09,F,J,AB,GROND,LaSilla,2017arXiv171005841S
GW170817,57984.96892,17.66,0.10,F,K,AB,GROND,LaSilla,"2017arXiv171011576V,2017arXiv171005841S"
GW170817,57984.96892,20.19,0.11,F,g,AB,GROND,LaSilla,2017arXiv171005841S
GW170817,57984.96892,18.58,0.04,F,i,AB,GROND,LaSilla,2017arXiv171005841S
GW170817,57984.96892,19.13,0.17,F,r,AB,GROND,LaSilla,2017arXiv171005841S
GW170817,57984.96892,18.33,0.06,F,z,AB,GROND,LaSilla,2017arXiv171005841S
GW170817,57984.969,18.77,0.04,F,r,AB,FORS,VLT,2017ApJ...848L..27T
GW170817,57984.9714,17.57,0.01,F,H,AB,FourStar,Magellan,2017Sci...358.1570D
GW170817,57984.9714,19.40,0.11,F,V,AB,EFOSC2,NTT,2017Sci...358.1570D
GW170817,57984.9746503,17.771985892,0.0323418323291,F,Y,AB,DECam,,2017ApJ...848L..17C
GW170817,57984.975,18.61,0.15,F,i,AB,Sinistro,LCO 1m,"2017arXiv171005843A,2017arXiv171011576V"
GW170817,57984.97569,18.1814465669,0.029941105181100002,F,z,AB,DECam,,2017ApJ...848L..17C
GW170817,57984.976,19.34,0.08,F,r,AB,,Prompt5,2017ApJ...848L..24V
GW170817,57984.976388999996,18.3834253954,0.03149113467893,F,i,AB,DECam,,2017ApJ...848L..17C
GW170817,57984.97707919999,19.0348518723,0.0338112170222,F,r,AB,DECam,,2017ApJ...848L..17C
GW170817,57984.9777679,20.209178806500002,0.0499190807263,F,g,AB,DECam,,2017ApJ...848L..17C
GW170817,57984.978,18.46,0.10,F,i,AB,Sinistro,LCO 1m,"2017arXiv171005843A,2017arXiv171011576V"
GW170817,57984.978,19.29,0.12,F,r,AB,,Prompt5,2017ApJ...848L..24V
GW170817,57984.978519,20.82,0.1,F,B,AB,,CTIO,2017arXiv171005433T
GW170817,57984.978519,18.81,0.05,F,R,AB,,CTIO,2017arXiv171005433T
GW170817,57984.978519,19.51,0.05,F,V,AB,,CTIO,2017arXiv171005433T
GW170817,57984.979,17.67,0.03,F,Ks,AB,VIRCAM,VISTA,2017ApJ...848L..27T
GW170817,57984.97954861,19.12,0.06,F,r,AB,,RC-1000,2017arXiv171005448P
GW170817,57984.98001819999,22.260568039899997,0.159378300537,F,u,AB,DECam,,2017ApJ...848L..17C
GW170817,57984.9801,17.52,0.01,F,J1,AB,FourStar,Magellan,2017Sci...358.1570D
GW170817,57984.9802153,18.8,0.2,F,W,AB,,MASTER,2017arXiv171005461L
GW170817,57984.982,18.19,0.20,F,z,AB,Sinistro,LCO 1m,"2017arXiv171005843A,2017arXiv171011576V"
GW170817,57984.985,18.780,0.030,F,r,AB,,T80S,2017ApJ...848L..29D
GW170817,57984.985,19.150,0.060,F,r,AB,,T80S,2017ApJ...848L..29D
GW170817,57984.988,18.37,0.03,F,i,AB,DK1.5,VLT,2017ApJ...848L..27T
GW170817,57984.988,19.56,0.07,F,w,AB,Sinistro,LCO 1m,2017arXiv171005843A
GW170817,57984.988519,18.4,0.13,F,I,AB,,CTIO,2017arXiv171005433T
GW170817,57984.989,17.66,0.02,F,J,AB,VIRCAM,VISTA,2017ApJ...848L..27T
GW170817,57984.99,18.01,0.13,F,z,AB,DK1.5,DK1.5,2017ApJ...848L..27T
GW170817,57984.992,19.48,0.07,F,w,AB,Sinistro,LCO 1m,2017arXiv171005843A
GW170817,57984.999,17.51,0.02,F,Y,AB,VIRCAM,VISTA,2017ApJ...848L..27T
GW170817,57985.0000,19.51,0.08,F,V,AB,IMACS,Magellan,2017Sci...358.1570D
GW170817,57985.0000,18.36,0.02,F,i,AB,IMACS,Magellan,2017Sci...358.1574S
GW170817,57985.002,18.46,0.10,F,i,AB,Sinistro,LCO 1m,"2017arXiv171005843A,2017arXiv171011576V"
GW170817,57985.006,18.45,0.11,F,i,AB,Sinistro,LCO 1m,"2017arXiv171005843A,2017arXiv171011576V"
GW170817,57985.00833333,18.90,0.28,F,C,AB,etelman,virt,2017arXiv171005846A
GW170817,57985.0094,18.93,0.02,F,r,AB,IMACS,Magellan,2017Sci...358.1570D
GW170817,57985.010,19.33,0.18,F,V,Vega,Sinistro,LCO 1m,2017arXiv171005843A
GW170817,57985.016,19.46,0.06,F,w,AB,Sinistro,LCO 1m,2017arXiv171005843A
GW170817,57985.0164,19.53,0.12,F,V,AB,EFOSC2,NTT,2017Sci...358.1570D
GW170817,57985.017,20.15,0.33,F,g,AB,Sinistro,LCO 1m,"2017arXiv171005843A,2017arXiv171011576V"
GW170817,57985.018368,17.82,0.04,F,I,Vega,LDSS,Magellan,2017Sci...358.1574S
GW170817,57985.018368,18.57,0.03,F,R,Vega,LDSS,Magellan,2017Sci...358.1574S
GW170817,57985.018368,19.49,,F,V,Vega,LDSS,Magellan,2017Sci...358.1574S
GW170817,57985.018368,18.98,,F,r,AB,LDSS,Magellan,2017Sci...358.1574S
GW170817,57985.019,17.76,0.02,F,J,AB,FLAMINGOS-2,Gemini-S,2017arXiv171005436K
GW170817,57985.019,17.60,0.04,F,Ks,AB,FLAMINGOS-2,Gemini-S,2017arXiv171005436K
GW170817,57985.019,19.36,0.05,F,w,AB,Sinistro,LCO 1m,2017arXiv171005843A
GW170817,57985.0537,20.19,,T,U,AB,EFOSC2,NTT,2017Sci...358.1570D
GW170817,57985.0537,19.59,0.20,F,V,AB,EFOSC2,NTT,2017Sci...358.1570D
GW170817,57985.05497,19.6,,T,U,AB,EFOSC2,NTT,2017arXiv171005841S
GW170817,57985.183919,19.93,,F,B,AB,UVOT,Swift,2017arXiv171005437E
GW170817,57985.188619,22.21,,T,W2,AB,UVOT,Swift,2017arXiv171005437E
GW170817,57985.194219,18.67,,T,V,AB,UVOT,Swift,2017arXiv171005437E
GW170817,57985.23125,18.44,0.09,F,i,AB,PS1,PAN-STARRS,2017arXiv171005841S
GW170817,57985.23125,18.08,0.11,F,y,AB,PS1,PAN-STARRS,2017arXiv171005841S
GW170817,57985.23125,18.31,0.07,F,z,AB,PS1,PAN-STARRS,2017arXiv171005841S
GW170817,57985.357,19.36,0.09,F,r,AB,Sinistro,LCO 1m,"2017arXiv171005843A,2017arXiv171011576V"
GW170817,57985.358519,18.62,0.1,F,I,AB,,SSO,2017arXiv171005433T
GW170817,57985.358519,19.1,0.05,F,R,AB,,SSO,2017arXiv171005433T
GW170817,57985.364,18.53,0.13,F,i,AB,Sinistro,LCO 1m,"2017arXiv171005843A,2017arXiv171011576V"
GW170817,57985.367,18.62,0.14,F,i,AB,Sinistro,LCO 1m,"2017arXiv171005843A,2017arXiv171011576V"
GW170817,57985.377,19.68,0.05,F,w,AB,Sinistro,LCO 1m,2017arXiv171005843A
GW170817,57985.381,19.61,0.05,F,w,AB,Sinistro,LCO 1m,2017arXiv171005843A
GW170817,57985.38399306,19.34,0.08,F,r,AB,skymapper,skymapper,2017arXiv171005846A
GW170817,57985.385,19.77,0.20,F,V,Vega,Sinistro,LCO 1m,2017arXiv171005843A
GW170817,57985.38539352,20.43,0.11,F,g,AB,skymapper,skymapper,2017arXiv171005846A
GW170817,57985.391,18.70,0.18,F,i,AB,Sinistro,LCO 1m,"2017arXiv171005843A,2017arXiv171011576V"
GW170817,57985.395,18.63,0.15,F,i,AB,Sinistro,LCO 1m,"2017arXiv171005843A,2017arXiv171011576V"
GW170817,57985.39703704,19.37,0.09,F,r,AB,skymapper,skymapper,2017arXiv171005846A
GW170817,57985.3984375,20.21,0.12,F,g,AB,skymapper,skymapper,2017arXiv171005846A
GW170817,57985.405,19.53,0.07,F,w,AB,Sinistro,LCO 1m,2017arXiv171005843A
GW170817,57985.408,19.56,0.08,F,w,AB,Sinistro,LCO 1m,2017arXiv171005843A
GW170817,57985.47916667,19.18,0.12,F,r,AB,zadko,zadko,2017arXiv171005846A
GW170817,57985.531419,18.72,,T,V,AB,UVOT,Swift,2017arXiv171005437E
GW170817,57985.549619,22.05,,T,W1,AB,UVOT,Swift,2017arXiv171005437E
GW170817,57985.554319,19.71,,T,B,AB,UVOT,Swift,2017arXiv171005437E
GW170817,57985.67184848,18.67,,T,i,AB,AST3-2,AST3-2,2017arXiv171005462H
GW170817,57985.699,17.57,0.04,F,H,AB,SIRIUS,IRSF,2017arXiv171005848U
GW170817,57985.699,17.78,0.05,F,J,AB,SIRIUS,IRSF,2017arXiv171005848U
GW170817,57985.699,17.55,0.05,F,Ks,AB,SIRIUS,IRSF,2017arXiv171005848U
GW170817,57985.715412,19.1,,T,W,AB,,MASTER,2017arXiv171005461L
GW170817,57985.718519,18.73,0.11,F,I,AB,,SAAO,2017arXiv171005433T
GW170817,57985.718519,19.3,0.05,F,R,AB,,SAAO,2017arXiv171005433T
GW170817,57985.726,19.75,0.12,F,r,AB,Sinistro,LCO 1m,"2017arXiv171005843A,2017arXiv171011576V"
GW170817,57985.7302269,18.6,,T,R,AB,,MASTER,2017arXiv171005461L
GW170817,57985.733,18.84,0.20,F,i,AB,Sinistro,LCO 1m,"2017arXiv171005843A,2017arXiv171011576V"
GW170817,57985.736,18.76,0.15,F,i,AB,Sinistro,LCO 1m,"2017arXiv171005843A,2017arXiv171011576V"
GW170817,57985.737588,19.3,,T,B,AB,,MASTER,2017arXiv171005461L
GW170817,57985.740,18.42,0.34,F,z,AB,Sinistro,LCO 1m,"2017arXiv171005843A,2017arXiv171011576V"
GW170817,57985.743,19.89,0.19,F,V,Vega,Sinistro,LCO 1m,2017arXiv171005843A
GW170817,57985.746,20.13,0.13,F,w,AB,Sinistro,LCO 1m,2017arXiv171005843A
GW170817,57985.750,19.99,0.06,F,w,AB,Sinistro,LCO 1m,2017arXiv171005843A
GW170817,57985.77639,19.52,0.13,F,r,AB,1.5B,,2017arXiv171005841S
GW170817,57985.9687,20.54,0.20,F,V,AB,EFOSC2,NTT,2017Sci...358.1570D
GW170817,57985.9728,17.85,0.01,F,J,AB,FourStar,Magellan,2017Sci...358.1570D
GW170817,57985.97302083,20.04,0.08,F,r,AB,,RC-1000,2017arXiv171005448P
GW170817,57985.97433,17.72,0.07,F,H,AB,GROND,LaSilla,2017arXiv171005841S
GW170817,57985.97433,17.95,0.07,F,J,AB,GROND,LaSilla,2017arXiv171005841S
GW170817,57985.97433,17.86,0.10,F,K,AB,GROND,LaSilla,2017arXiv171005841S
GW170817,57985.97433,21.13,0.16,F,g,AB,GROND,LaSilla,2017arXiv171005841S
GW170817,57985.97433,19.03,0.01,F,i,AB,GROND,LaSilla,2017arXiv171005841S
GW170817,57985.97433,19.81,0.02,F,r,AB,GROND,LaSilla,2017arXiv171005841S
GW170817,57985.97433,18.74,0.02,F,z,AB,GROND,LaSilla,2017arXiv171005841S
GW170817,57985.978519,18.87,0.11,F,I,AB,,CTIO,2017arXiv171005433T
GW170817,57985.978519,19.54,0.06,F,R,AB,,CTIO,2017arXiv171005433T
GW170817,57985.979,17.54,0.02,F,Ks,AB,VIRCAM,VISTA,2017ApJ...848L..27T
GW170817,57985.979,19.28,0.01,F,r,AB,FORS,VLT,2017ApJ...848L..27T
GW170817,57985.982575,18.053540582,0.03489670185509999,F,Y,AB,DECam,,2017ApJ...848L..17C
GW170817,57985.983605299996,18.5613837282,0.033571560303100004,F,z,AB,DECam,,2017ApJ...848L..17C
GW170817,57985.984104999996,23.0620125727,0.320547847388,F,u,AB,DECam,,2017ApJ...848L..17C
GW170817,57985.98427180001,18.7253377929,0.031572712552599996,F,i,AB,DECam,,2017ApJ...848L..17C
GW170817,57985.9849566,19.2904674945,0.0435129039438,F,r,AB,DECam,,2017ApJ...848L..17C
GW170817,57985.98563919999,20.928474087799998,0.082903420644,F,g,AB,DECam,,2017ApJ...848L..17C
GW170817,57985.989,17.86,0.02,F,J,AB,VIRCAM,VISTA,2017ApJ...848L..27T
GW170817,57985.989,17.76,0.01,F,Y,AB,VIRCAM,VISTA,2017ApJ...848L..27T
GW170817,57985.9893,20.52,0.12,F,V,AB,Swope,Swope,"2017Sci...358.1570D,2017ApJ...851L..21V"
GW170817,57985.990193,18.26,0.04,F,I,Vega,LDSS,Magellan,2017Sci...358.1574S
GW170817,57985.990193,19.35,0.04,F,R,Vega,LDSS,Magellan,2017Sci...358.1574S
GW170817,57985.990193,20.41,0.08,F,V,Vega,LDSS,Magellan,2017Sci...358.1574S
GW170817,57985.990193,18.91,0.04,F,i,AB,LDSS,Magellan,2017Sci...358.1574S
GW170817,57985.990193,19.88,0.05,F,r,AB,LDSS,Magellan,2017Sci...358.1574S
GW170817,57985.9951,21.72,0.13,F,B,AB,Swope,Swope,"2017Sci...358.1570D,2017ApJ...851L..21V"
GW170817,57986.0000,18.38,0.05,F,z,AB,LDSS,Magellan,2017Sci...358.1574S
GW170817,57986.0013,20.77,0.05,F,g,AB,Swope,Swope,"2017Sci...358.1570D,2017ApJ...851L..21V"
GW170817,57986.003,20.18,0.10,F,r,AB,,Prompt5,2017ApJ...848L..24V
GW170817,57986.0046,18.92,0.05,F,i,AB,Swope,Swope,"2017Sci...358.1570D,2017ApJ...851L..21V"
GW170817,57986.0076,19.82,0.09,F,r,AB,Swope,Swope,"2017Sci...358.1570D,2017ApJ...851L..21V"
GW170817,57986.0156,20.55,0.15,F,V,AB,EFOSC2,NTT,2017Sci...358.1570D
GW170817,57986.02,20.940,0.060,F,g,AB,XS,VLT,2017arXiv171005858P
GW170817,57986.02,19.740,0.020,F,r,AB,XS,VLT,2017arXiv171005858P
GW170817,57986.02,18.300,0.020,F,z,AB,XS,VLT,2017arXiv171005858P
GW170817,57986.028519,17.69,0.02,F,H,AB,,Gemini,2017arXiv171005433T
GW170817,57986.028519,17.94,0.02,F,J,AB,,Gemini,2017arXiv171005433T
GW170817,57986.028519,17.62,0.02,F,Ks,AB,,Gemini,2017arXiv171005433T
GW170817,57986.029,17.72,0.04,F,H,AB,FLAMINGOS-2,Gemini-S,2017arXiv171005436K
GW170817,57986.029,17.93,0.06,F,J,AB,FLAMINGOS-2,Gemini-S,2017arXiv171005436K
GW170817,57986.029,17.61,0.06,F,Ks,AB,FLAMINGOS-2,Gemini-S,2017arXiv171005436K
GW170817,57986.0310486,19.8,,T,W,AB,,MASTER,2017arXiv171005461L
GW170817,57986.038519,20.9,0.01,F,g,AB,,Gemini,2017arXiv171005433T
GW170817,57986.038519,18.93,0.01,F,i,AB,,Gemini,2017arXiv171005433T
GW170817,57986.038519,19.66,0.01,F,r,AB,,Gemini,2017arXiv171005433T
GW170817,57986.048519,18.46,0.01,F,z,AB,,Gemini,2017arXiv171005433T
GW170817,57986.0531,20.68,0.31,F,V,AB,EFOSC2,NTT,2017Sci...358.1570D
GW170817,57986.180219,19.37,,T,B,AB,UVOT,Swift,2017arXiv171005437E
GW170817,57986.190519,18.95,,T,V,AB,UVOT,Swift,2017arXiv171005437E
GW170817,57986.23556,17.8,,T,i,AB,PS1,PAN-STARRS,2017arXiv171005841S
GW170817,57986.23556,17.7,,T,y,AB,PS1,PAN-STARRS,2017arXiv171005841S
GW170817,57986.23556,18.10,0.30,F,z,AB,PS1,PAN-STARRS,2017arXiv171005841S
GW170817,57986.358519,19,0.1,F,I,AB,,SSO,2017arXiv171005433T
GW170817,57986.358519,19.64,0.09,F,R,AB,,SSO,2017arXiv171005433T
GW170817,57986.4944444,19.86,0.21,F,r,AB,zadko,zadko,2017arXiv171005846A
GW170817,57986.65057467,18.38,,T,i,AB,AST3-2,AST3-2,2017arXiv171005462H
GW170817,57986.709,17.77,0.04,F,H,AB,SIRIUS,IRSF,2017arXiv171005848U
GW170817,57986.709,18.13,0.12,F,J,AB,SIRIUS,IRSF,2017arXiv171005848U
GW170817,57986.709,17.57,0.07,F,Ks,AB,SIRIUS,IRSF,2017arXiv171005848U
GW170817,57986.715,20.30,0.31,F,r,AB,Sinistro,LCO 1m,"2017arXiv171005843A,2017arXiv171011576V"
GW170817,57986.7179468,20.0,,T,W,AB,,MASTER,2017arXiv171005461L
GW170817,57986.718519,19.23,0.1,F,I,AB,,SAAO,2017arXiv171005433T
GW170817,57986.718519,19.94,0.06,F,R,AB,,SAAO,2017arXiv171005433T
GW170817,57986.7582014,19.5,,T,R,AB,,MASTER,2017arXiv171005461L
GW170817,57986.8097176,19.0,,T,B,AB,,MASTER,2017arXiv171005461L
GW170817,57986.968519,19.22,0.1,F,I,AB,,CTIO,2017arXiv171005433T
GW170817,57986.968519,20.12,0.08,F,R,AB,,CTIO,2017arXiv171005433T
GW170817,57986.969,20.25,0.28,F,r,AB,Sinistro,LCO 1m,"2017arXiv171005843A,2017arXiv171011576V"
GW170817,57986.97,20.238,0.058,F,R,AB,FORS2,VLT,2017arXiv171005858P
GW170817,57986.9710,18.08,0.02,F,Y,AB,RetroCam,du Pont,2017Sci...358.1570D
GW170817,57986.97337962963,17.92,0.1,F,H,AB,Gemini,,2017ApJ...848L..17C
GW170817,57986.97426,18.02,0.10,F,H,AB,GROND,LaSilla,2017arXiv171005841S
GW170817,57986.97426,18.17,0.07,F,J,AB,GROND,LaSilla,2017arXiv171005841S
GW170817,57986.97426,17.53,0.11,F,K,AB,GROND,LaSilla,"2017arXiv171011576V,2017arXiv171005841S"
GW170817,57986.97426,21.58,0.22,F,g,AB,GROND,LaSilla,2017arXiv171005841S
GW170817,57986.97426,19.51,0.04,F,i,AB,GROND,LaSilla,2017arXiv171005841S
GW170817,57986.97426,20.53,0.05,F,r,AB,GROND,LaSilla,2017arXiv171005841S
GW170817,57986.97426,19.07,0.06,F,z,AB,GROND,LaSilla,2017arXiv171005841S
GW170817,57986.97524169999,18.3533040928,0.030046328552999997,F,Y,AB,DECam,,2017ApJ...848L..17C
GW170817,57986.977667299994,18.8080891149,0.02695136163562,F,z,AB,DECam,,2017ApJ...848L..17C
GW170817,57986.979,17.60,0.02,F,Ks,AB,VIRCAM,VISTA,2017ApJ...848L..27T
GW170817,57986.98,18.73,0.01,F,z,AB,VIMOS,VLT,2017ApJ...848L..27T
GW170817,57986.9800763,19.2227146535,0.02611066364563,F,i,AB,DECam,,2017ApJ...848L..17C
GW170817,57986.98065972,20.14,0.12,F,R,,,RC-1000,2017arXiv171005448P
GW170817,57986.9830,17.83,0.02,F,H,AB,RetroCam,du Pont,2017Sci...358.1570D
GW170817,57986.9836909,20.2519395671,0.0485133686263,F,r,AB,DECam,,2017ApJ...848L..17C
GW170817,57986.9885,19.39,0.04,F,i,AB,Swope,Swope,"2017Sci...358.1570D,2017ApJ...851L..21V"
GW170817,57986.989,18.08,0.03,F,J,AB,VIRCAM,VISTA,2017ApJ...848L..27T
GW170817,57986.989,18.07,0.02,F,Y,AB,VIRCAM,VISTA,2017ApJ...848L..27T
GW170817,57986.989,19.86,0.01,F,r,AB,VIMOS,VLT,2017ApJ...848L..27T
GW170817,57986.9909464,21.730717359899998,0.11150905857389999,F,g,AB,DECam,,2017ApJ...848L..17C
GW170817,57986.992,20.64,0.09,F,w,AB,Sinistro,LCO 1m,2017arXiv171005843A
GW170817,57986.9965,20.58,0.12,F,r,AB,Swope,Swope,"2017Sci...358.1570D,2017ApJ...851L..21V"
GW170817,57986.9980,18.10,0.02,F,J,AB,RetroCam,du Pont,2017Sci...358.1570D
GW170817,57987.0000,21.85,0.22,F,V,AB,LDSS,Magellan,2017Sci...358.1570D
GW170817,57987.00,18.927,0.027,F,z,AB,FORS2,VLT,2017arXiv171005858P
GW170817,57987.004,20.92,0.12,F,r,AB,,Prompt5,2017ApJ...848L..24V
GW170817,57987.0044,21.75,0.10,F,g,AB,Swope,Swope,"2017Sci...358.1570D,2017ApJ...851L..21V"
GW170817,57987.01,19.284,0.055,F,I,AB,FORS2,VLT,2017arXiv171005858P
GW170817,57987.0192,21.78,0.06,F,g,AB,LDSS,Magellan,2017Sci...358.1570D
GW170817,57987.02,22.729,0.128,F,B,AB,FORS2,VLT,2017arXiv171005858P
GW170817,57987.02,21.082,0.054,F,V,AB,FORS2,VLT,2017arXiv171005858P
GW170817,57987.0217,22.52,0.14,F,B,AB,LDSS,Magellan,2017Sci...358.1570D
GW170817,57987.035112,18.67,0.04,F,I,Vega,LDSS,Magellan,2017Sci...358.1574S
GW170817,57987.035112,20.19,,F,R,Vega,LDSS,Magellan,2017Sci...358.1574S
GW170817,57987.035112,21.83,,F,V,Vega,LDSS,Magellan,2017Sci...358.1574S
GW170817,57987.035112,19.43,0.04,F,i,AB,LDSS,Magellan,2017Sci...358.1574S
GW170817,57987.035112,21.00,,F,r,AB,LDSS,Magellan,2017Sci...358.1574S
GW170817,57987.035112,18.75,0.08,F,z,AB,LDSS,Magellan,2017Sci...358.1574S
GW170817,57987.039,17.72,0.09,F,Ks,AB,FLAMINGOS-2,Gemini-S,2017arXiv171005436K
GW170817,57987.049,18.02,0.07,F,H,AB,FLAMINGOS-2,Gemini-S,2017arXiv171005436K
GW170817,57987.049,18.15,0.06,F,J,AB,FLAMINGOS-2,Gemini-S,2017arXiv171005436K
GW170817,57987.23556,18.8,,T,z,AB,PS1,PAN-STARRS,2017arXiv171005841S
GW170817,57987.319,18.26,0.01,F,F110W,AB,WFC3_IR,HST,2017ApJ...848L..27T
GW170817,57987.320519,18.429,0.026,F,F110W,AB,WFC3,HST,2017arXiv171005433T
GW170817,57987.358,20.69,0.33,F,r,AB,Sinistro,LCO 1m,"2017arXiv171005843A,2017arXiv171011576V"
GW170817,57987.358519,19.52,0.13,F,I,AB,,SSO,2017arXiv171005433T
GW170817,57987.358519,20.33,0.05,F,R,AB,,SSO,2017arXiv171005433T
GW170817,57987.38150463,20.51,,T,r,AB,skymapper,skymapper,2017arXiv171005846A
GW170817,57987.38291667,20.60,,T,g,AB,skymapper,skymapper,2017arXiv171005846A
GW170817,57987.39453704,20.47,,T,r,AB,skymapper,skymapper,2017arXiv171005846A
GW170817,57987.39592593,20.66,,T,g,AB,skymapper,skymapper,2017arXiv171005846A
GW170817,57987.452,18.063,0.03,F,F160W,AB,WFC3_IR,HST,2017ApJ...848L..27T
GW170817,57987.453519,18.116,0.032,F,F160W,AB,,HST,2017arXiv171005433T
GW170817,57987.474619,20.85,,T,U,AB,UVOT,Swift,2017arXiv171005437E
GW170817,57987.481819,22.47,,T,M2,AB,UVOT,Swift,2017arXiv171005437E
GW170817,57987.49027778,20.20,0.23,F,r,AB,zadko,zadko,2017arXiv171005846A
GW170817,57987.709,17.94,0.05,F,H,AB,SIRIUS,IRSF,2017arXiv171005848U
GW170817,57987.709,18.31,0.06,F,J,AB,SIRIUS,IRSF,2017arXiv171005848U
GW170817,57987.709,17.68,0.04,F,Ks,AB,SIRIUS,IRSF,2017arXiv171005848U
GW170817,57987.718519,19.68,0.1,F,I,AB,,SAAO,2017arXiv171005433T
GW170817,57987.718519,20.64,0.07,F,R,AB,,SAAO,2017arXiv171005433T
GW170817,57987.849,24.97,0.11,F,F336W,AB,WFC3_UVIS,HST,2017arXiv171005436K
GW170817,57987.849,25.05,0.11,F,F336W,AB,WFC3_UVIS,HST,2017arXiv171005436K
GW170817,57987.879,25.18,0.11,F,F336W,AB,WFC3_UVIS,HST,2017arXiv171005436K
GW170817,57987.969,20.39,0.03,F,r,AB,FORS,VLT,2017ApJ...848L..27T
GW170817,57987.9714,19.08,0.12,F,z,AB,LDSS,Magellan,2017Sci...358.1570D
GW170817,57987.974538,18.833124743499997,0.17980536084499998,F,Y,AB,DECam,,2017ApJ...848L..17C
GW170817,57987.9769536,19.1747243524,0.10596472572660001,F,z,AB,DECam,,2017ApJ...848L..17C
GW170817,57987.97936340001,19.5525353246,0.18182981007200003,F,i,AB,DECam,,2017ApJ...848L..17C
GW170817,57987.98297999999,20.793940388,0.24245540833600002,F,r,AB,DECam,,2017ApJ...848L..17C
GW170817,57987.99,22.507,0.122,F,g,AB,OmegaCam,VST,2017arXiv171005858P
GW170817,57987.990237800004,22.0337508274,0.422551036617,F,g,AB,DECam,,2017ApJ...848L..17C
GW170817,57988.0000,17.84,0.20,F,H,AB,RetroCam,du Pont,2017Sci...358.1570D
GW170817,57988.0000,18.33,0.10,F,Y,AB,RetroCam,du Pont,2017Sci...358.1570D
GW170817,57988.0020,20.27,0.12,F,i,AB,Swope,Swope,"2017Sci...358.1570D,2017ApJ...851L..21V"
GW170817,57988.02,20.740,0.030,F,r,AB,XS,VLT,2017arXiv171005858P
GW170817,57988.02,19.160,0.030,F,z,AB,XS,VLT,2017arXiv171005858P
GW170817,57988.23354,18.95,0.44,F,y,AB,PS1,PAN-STARRS,2017arXiv171005841S
GW170817,57988.358519,20.95,0.07,F,R,AB,,SSO,2017arXiv171005433T
GW170817,57988.368519,19.99,0.14,F,I,AB,,SSO,2017arXiv171005433T
GW170817,57988.438319,19.50,,T,B,AB,UVOT,Swift,2017arXiv171005437E
GW170817,57988.444619,18.54,,T,V,AB,UVOT,Swift,2017arXiv171005437E
GW170817,57988.48055556,20.6,,T,r,AB,zadko,zadko,2017arXiv171005846A
GW170817,57988.728519,20.31,0.11,F,I,AB,,SAAO,2017arXiv171005433T
GW170817,57988.729,18.12,0.04,F,H,AB,SIRIUS,IRSF,2017arXiv171005848U
GW170817,57988.729,18.60,0.18,F,H,AB,SIRIUS,IRSF,2017arXiv171005436K
GW170817,57988.729,18.36,0.05,F,J,AB,SIRIUS,IRSF,2017arXiv171005848U
GW170817,57988.729,18.65,0.19,F,J,AB,SIRIUS,IRSF,2017arXiv171005436K
GW170817,57988.729,17.69,0.03,F,Ks,AB,SIRIUS,IRSF,2017arXiv171005848U
GW170817,57988.729,18.01,0.10,F,Ks,AB,SIRIUS,IRSF,2017arXiv171005436K
GW170817,57988.97,20.329,0.089,F,i,AB,OmegaCam,VST,2017arXiv171005858P
GW170817,57988.974281300005,19.0624107404,0.306419801087,F,Y,AB,DECam,,2017ApJ...848L..17C
GW170817,57988.979,8.26,,T,J8.9,AB,VISIR,VLT,2017arXiv171005436K
GW170817,57988.98,20.142,0.072,F,I,AB,FORS2,VLT,2017arXiv171005858P
GW170817,57988.98,21.310,0.075,F,r,AB,OmegaCam,VST,2017arXiv171005858P
GW170817,57988.98,19.627,0.039,F,z,AB,FORS2,VLT,2017arXiv171005858P
GW170817,57988.9853815,20.9476144582,0.35244854605599996,F,r,AB,DECam,,2017ApJ...848L..17C
GW170817,57988.989,17.84,0.03,F,Ks,AB,VIRCAM,VISTA,2017ApJ...848L..27T
GW170817,57988.99624090001,22.0821886958,0.515485013851,F,g,AB,DECam,,2017ApJ...848L..17C
GW170817,57988.999,18.74,0.04,F,J,AB,VIRCAM,VISTA,2017ApJ...848L..27T
GW170817,57988.999,18.71,0.04,F,Y,AB,VIRCAM,VISTA,2017ApJ...848L..27T
GW170817,57989.00,21.268,0.106,F,R,AB,FORS2,VLT,2017arXiv171005858P
GW170817,57989.02,23.807,0.251,F,B,AB,FORS2,VLT,2017arXiv171005858P
GW170817,57989.02,22.361,0.158,F,V,AB,FORS2,VLT,2017arXiv171005858P
GW170817,57989.23024,19.31,0.43,F,y,AB,PS1,PAN-STARRS,2017arXiv171005841S
GW170817,57989.2344,20.83,0.09,F,I,AB,LRIS,Keck,2017Sci...358.1570D
GW170817,57989.2347,22.20,,T,g,AB,LRIS,Keck,2017Sci...358.1570D
GW170817,57989.368519,20.39,0.12,F,I,AB,,SSO,2017arXiv171005433T
GW170817,57989.699,18.51,0.05,F,H,AB,SIRIUS,IRSF,2017arXiv171005848U
GW170817,57989.699,18.53,0.17,F,H,AB,SIRIUS,IRSF,2017arXiv171005436K
GW170817,57989.699,18.95,0.32,F,J,AB,SIRIUS,IRSF,2017arXiv171005436K
GW170817,57989.699,18.98,0.08,F,J,AB,SIRIUS,IRSF,2017arXiv171005848U
GW170817,57989.699,17.95,0.04,F,Ks,AB,SIRIUS,IRSF,2017arXiv171005848U
GW170817,57989.699,18.02,0.12,F,Ks,AB,SIRIUS,IRSF,2017arXiv171005436K
GW170817,57989.728519,20.89,0.13,F,I,AB,,SAAO,2017arXiv171005433T
GW170817,57989.769,19.06,0.01,F,F110W,AB,WFC3_IR,HST,2017ApJ...848L..27T
GW170817,57989.770519,19.372,0.045,F,F110W,AB,WFC3,HST,2017arXiv171005433T
GW170817,57989.96609953704,18.790000000000006,0.14,F,H,AB,Gemini,,2017ApJ...848L..17C
GW170817,57989.969,18.06,0.17,F,K,AB,ANDICAM,CTIO1.3m,2017arXiv171005436K
GW170817,57989.9698,19.87,0.07,F,z,AB,LDSS,Magellan,2017Sci...358.1570D
GW170817,57989.973353199995,19.4392828251,0.048663627568900004,F,Y,AB,DECam,,2017ApJ...848L..17C
GW170817,57989.979,17.95,0.04,F,Ks,AB,VIRCAM,VISTA,2017ApJ...848L..27T
GW170817,57989.979392299996,19.8866873692,0.0483324550366,F,z,AB,DECam,,2017ApJ...848L..17C
GW170817,57989.9818097,20.5421156049,0.0505708603034,F,i,AB,DECam,,2017ApJ...848L..17C
GW170817,57989.981846,20.37,,F,I,Vega,LDSS,Magellan,2017Sci...358.1574S
GW170817,57989.981846,21.44,0.20,F,i,AB,LDSS,Magellan,2017Sci...358.1574S
GW170817,57989.981846,19.91,0.07,F,z,AB,LDSS,Magellan,2017Sci...358.1574S
GW170817,57989.98317,18.74,0.06,F,H,AB,GROND,LaSilla,2017arXiv171005841S
GW170817,57989.98317,19.26,0.28,F,J,AB,GROND,LaSilla,2017arXiv171005841S
GW170817,57989.98317,18.04,0.12,F,K,AB,GROND,LaSilla,"2017arXiv171011576V,2017arXiv171005841S"
GW170817,57989.98317,20.5,,T,g,AB,GROND,LaSilla,2017arXiv171005841S
GW170817,57989.98317,20.5,,T,i,AB,GROND,LaSilla,2017arXiv171005841S
GW170817,57989.98317,20.6,,T,r,AB,GROND,LaSilla,2017arXiv171005841S
GW170817,57989.98317,19.7,,T,z,AB,GROND,LaSilla,2017arXiv171005841S
GW170817,57989.986635,21.2261086792,0.10735256836110002,F,r,AB,DECam,,2017ApJ...848L..17C
GW170817,57989.989,19.07,0.08,F,J,AB,VIRCAM,VISTA,2017ApJ...848L..27T
GW170817,57989.9897,21.42,0.18,F,i,AB,Swope,Swope,2017Sci...358.1570D
GW170817,57989.9900,18.99,0.04,F,J,AB,RetroCam,du Pont,2017Sci...358.1570D
GW170817,57989.99559028,21.0,,T,r,AB,,RC-1000,2017arXiv171005448P
GW170817,57989.9974806,23.2762307856,0.343197160673,F,g,AB,DECam,,2017ApJ...848L..17C
GW170817,57989.999,19.24,0.07,F,Y,AB,VIRCAM,VISTA,2017ApJ...848L..27T
GW170817,57990.004,20.89,,T,r,AB,,Prompt5,2017ApJ...848L..24V
GW170817,57990.0302,23.85,0.31,F,B,AB,LDSS,Magellan,2017Sci...358.1570D
GW170817,57990.038519,20.91,0.03,F,i,AB,,Gemini,2017arXiv171005433T
GW170817,57990.038519,21.74,0.04,F,r,AB,,Gemini,2017arXiv171005433T
GW170817,57990.229,20.21,0.04,F,z,AB,HSC,Subaru,2017arXiv171005848U
GW170817,57990.22962,18.9,,T,y,AB,PS1,PAN-STARRS,2017arXiv171005841S
GW170817,57990.584519,22.494,0.17,F,F606W,AB,,HST,2017arXiv171005433T
GW170817,57990.645,23.14,0.02,F,F475W,AB,WFC3_UVIS,HST,2017ApJ...848L..27T
GW170817,57990.646519,23.664,0.42,F,F475W,AB,,HST,2017arXiv171005433T
GW170817,57990.96775,19.26,0.26,F,H,AB,GROND,LaSilla,2017arXiv171005841S
GW170817,57990.96775,19.64,0.11,F,J,AB,GROND,LaSilla,2017arXiv171005841S
GW170817,57990.96775,18.35,0.16,F,K,AB,GROND,LaSilla,"2017arXiv171011576V,2017arXiv171005841S"
GW170817,57990.96775,22.2,,T,g,AB,GROND,LaSilla,2017arXiv171005841S
GW170817,57990.96775,21.1,,T,i,AB,GROND,LaSilla,2017arXiv171005841S
GW170817,57990.96775,21.7,,T,r,AB,GROND,LaSilla,2017arXiv171005841S
GW170817,57990.96775,21.5,,T,z,AB,GROND,LaSilla,2017arXiv171005841S
GW170817,57990.972,20.28,0.03,F,z,AB,VIMOS,VLT,2017ApJ...848L..27T
GW170817,57990.9720,20.40,0.07,F,z,AB,LDSS,Magellan,2017Sci...358.1570D
GW170817,57990.97316159999,20.0552378993,0.06912661997639999,F,Y,AB,DECam,,2017ApJ...848L..17C
GW170817,57990.979,19.69,0.09,F,J,AB,VIRCAM,VISTA,2017ApJ...848L..27T
GW170817,57990.979,18.44,0.18,F,K,AB,ANDICAM,CTIO1.3m,2017arXiv171005436K
GW170817,57990.979,18.25,0.03,F,Ks,AB,VIRCAM,VISTA,2017ApJ...848L..27T
GW170817,57990.97993,21.0,,T,g,AB,EFOSC2,NTT,2017arXiv171005841S
GW170817,57990.97993,21.1,,T,i,AB,EFOSC2,NTT,2017arXiv171005841S
GW170817,57990.97993,21.4,,T,r,AB,EFOSC2,NTT,2017arXiv171005841S
GW170817,57990.97993,20.4,,T,z,AB,EFOSC2,NTT,2017arXiv171005841S
GW170817,57990.98,19.22,0.18,F,H,AB,Gemini,,2017ApJ...848L..17C
GW170817,57990.98282309999,20.3992008192,0.0570039787715,F,z,AB,DECam,,2017ApJ...848L..17C
GW170817,57990.987654799996,20.7238575438,0.057474359032,F,i,AB,DECam,,2017ApJ...848L..17C
GW170817,57990.989,19.67,0.09,F,Y,AB,VIRCAM,VISTA,2017ApJ...848L..27T
GW170817,57990.989,21.75,0.05,F,r,AB,VIMOS,VLT,2017ApJ...848L..27T
GW170817,57990.99,21.133,0.119,F,I,AB,FORS2,VLT,2017arXiv171005858P
GW170817,57990.99,20.606,0.092,F,z,AB,FORS2,VLT,2017arXiv171005858P
GW170817,57990.997287900005,21.951982115,0.179983800721,F,r,AB,DECam,,2017ApJ...848L..17C
GW170817,57991.0000,19.30,0.10,F,J,AB,RetroCam,du Pont,2017Sci...358.1570D
GW170817,57991.00,22.501,0.240,F,R,AB,FORS2,VLT,2017arXiv171005858P
GW170817,57991.004,20.37,,T,r,AB,,Prompt5,2017ApJ...848L..24V
GW170817,57991.01,23.152,0.256,F,V,AB,FORS2,VLT,2017arXiv171005858P
GW170817,57991.0340,22.64,,T,g,AB,LDSS,Magellan,2017Sci...358.1570D
GW170817,57991.709,18.83,0.23,F,H,AB,SIRIUS,IRSF,2017arXiv171005436K
GW170817,57991.709,18.90,0.09,F,H,AB,SIRIUS,IRSF,2017arXiv171005848U
GW170817,57991.709,18.87,,T,J,AB,SIRIUS,IRSF,2017arXiv171005436K
GW170817,57991.709,19.32,0.08,F,J,AB,SIRIUS,IRSF,2017arXiv171005848U
GW170817,57991.709,18.25,0.21,F,Ks,AB,SIRIUS,IRSF,2017arXiv171005436K
GW170817,57991.709,18.34,0.06,F,Ks,AB,SIRIUS,IRSF,2017arXiv171005848U
GW170817,57991.956,19.600,0.06,F,F160W,AB,WFC3_IR,HST,2017ApJ...848L..27T
GW170817,57991.956519,19.769,0.074,F,F160W,AB,,HST,2017arXiv171005433T
GW170817,57991.959,19.68,0.08,F,H,AB,FLAMINGOS-2,Gemini-S,2017arXiv171005436K
GW170817,57991.959,20.57,0.20,F,J,AB,FLAMINGOS-2,Gemini-S,2017arXiv171005436K
GW170817,57991.959,18.50,0.08,F,Ks,AB,FLAMINGOS-2,Gemini-S,2017arXiv171005436K
GW170817,57991.969,18.43,0.17,F,K,AB,ANDICAM,CTIO1.3m,2017arXiv171005436K
GW170817,57991.96940,19.66,0.14,F,H,AB,GROND,LaSilla,2017arXiv171005841S
GW170817,57991.96940,20.23,0.10,F,J,AB,GROND,LaSilla,2017arXiv171005841S
GW170817,57991.96940,18.46,0.20,F,K,AB,GROND,LaSilla,"2017arXiv171011576V,2017arXiv171005841S"
GW170817,57991.9700,19.21,0.05,F,H,AB,RetroCam,du Pont,2017Sci...358.1570D
GW170817,57991.974,20.85,0.04,F,z,AB,VIMOS,VLT,2017ApJ...848L..27T
GW170817,57991.974217999996,20.7763902728,0.10555911945710002,F,Y,AB,DECam,,2017ApJ...848L..17C
GW170817,57991.97770833332,19.62,0.15,F,H,AB,Gemini,,2017ApJ...848L..17C
GW170817,57991.979,20.06,0.14,F,J,AB,VIRCAM,VISTA,2017ApJ...848L..27T
GW170817,57991.979,18.49,0.05,F,Ks,AB,VIRCAM,VISTA,2017ApJ...848L..27T
GW170817,57991.989,20.09,0.14,F,Y,AB,VIRCAM,VISTA,2017ApJ...848L..27T
GW170817,57991.989,19.90,,T,r,AB,,Prompt5,2017ApJ...848L..24V
GW170817,57991.989,22.20,0.04,F,r,AB,VIMOS,VLT,2017ApJ...848L..27T
GW170817,57991.991,20.69,0.11,F,z,AB,FORS,VLT,2017ApJ...848L..27T
GW170817,57991.9944411,21.188377312100002,0.0697123513511,F,z,AB,DECam,,2017ApJ...848L..17C
GW170817,57991.99966980001,21.3695098621,0.05655135454599999,F,i,AB,DECam,,2017ApJ...848L..17C
GW170817,57992.099,17.99,,T,Ks,AB,NICFPS,APO,2017arXiv171005436K
GW170817,57992.119,17.64,,T,Ks,AB,WHIRC,Palomar5m,2017arXiv171005436K
GW170817,57992.2819,20.5723,0.04,F,F110W,AB,WFC3_IR,HST,2017ApJ...848L..17C
GW170817,57992.2965,19.886300000000002,0.04,F,F160W,AB,WFC3_IR,HST,2017ApJ...848L..17C
GW170817,57992.3478,26.918000000000003,0.27,F,F336W,AB,WFC3_UVIS1,HST,2017ApJ...848L..17C
GW170817,57992.4335,23.955,0.06,F,F475W,AB,ACS_WFC,HST,2017ApJ...848L..17C
GW170817,57992.498,22.883000000000003,0.07,F,F625W,AB,ACS_WFC,HST,2017ApJ...848L..17C
GW170817,57992.5606,22.346,0.08,F,F775W,AB,ACS_WFC,HST,2017ApJ...848L..17C
GW170817,57992.5732,21.527,0.05,F,F850W,AB,ACS_WFC,HST,2017ApJ...848L..17C
GW170817,57992.959,18.77,0.07,F,Ks,AB,FLAMINGOS-2,Gemini-S,2017arXiv171005436K
GW170817,57992.969,19.63,0.08,F,H,AB,FLAMINGOS-2,Gemini-S,2017arXiv171005436K
GW170817,57992.969,21.33,0.30,F,J,AB,FLAMINGOS-2,Gemini-S,2017arXiv171005436K
GW170817,57992.969,18.91,0.19,F,K,AB,ANDICAM,CTIO1.3m,2017arXiv171005436K
GW170817,57992.9746958,21.6704354446,0.206240207261,F,Y,AB,DECam,,2017ApJ...848L..17C
GW170817,57992.97527,21.02,0.22,F,J,AB,EFOSC2,NTT,2017arXiv171005841S
GW170817,57992.977893518524,18.43,0.25,F,K,AB,Gemini,,2017ApJ...848L..17C
GW170817,57992.979,18.74,0.06,F,Ks,AB,VIRCAM,VISTA,2017ApJ...848L..27T
GW170817,57992.98,22.014,0.214,F,z,AB,FORS2,VLT,2017arXiv171005858P
GW170817,57992.98133101853,20.040000000000006,0.15,F,H,AB,Gemini,,2017ApJ...848L..17C
GW170817,57992.9840,19.34,0.09,F,H,AB,RetroCam,du Pont,2017Sci...358.1570D
GW170817,57992.9867745,22.0612285601,0.128558273522,F,z,AB,DECam,,2017ApJ...848L..17C
GW170817,57992.989,20.94,0.35,F,J,AB,VIRCAM,VISTA,2017ApJ...848L..27T
GW170817,57992.989,22.45,0.07,F,r,AB,VIMOS,VLT,2017ApJ...848L..27T
GW170817,57992.99,22.052,0.289,F,I,AB,FORS2,VLT,2017arXiv171005858P
GW170817,57993.000021399996,22.3838801057,0.10300494606739999,F,i,AB,DECam,,2017ApJ...848L..17C
GW170817,57993.01,23.379,0.277,F,R,AB,FORS2,VLT,2017arXiv171005858P
GW170817,57993.01,23.761,0.280,F,V,AB,FORS2,VLT,2017arXiv171005858P
GW170817,57993.01593,20.17,0.34,F,H,AB,GROND,LaSilla,2017arXiv171005841S
GW170817,57993.01593,18.71,0.22,F,K,AB,GROND,LaSilla,"2017arXiv171011576V,2017arXiv171005841S"
GW170817,57993.079,20.82,0.02,F,F110W,AB,WFC3_IR,HST,2017ApJ...848L..27T
GW170817,57993.081519,21.371,0.119,F,F110W,AB,WFC3,HST,2017arXiv171005433T
GW170817,57993.148,20.279,0.09,F,F160W,AB,WFC3_IR,HST,2017ApJ...848L..27T
GW170817,57993.148519,20.454,0.1,F,F160W,AB,,HST,2017arXiv171005433T
GW170817,57993.38695602,19.36,,T,r,AB,skymapper,skymapper,2017arXiv171005846A
GW170817,57993.38834491,19.53,,T,g,AB,skymapper,skymapper,2017arXiv171005846A
GW170817,57993.39990741,19.39,,T,r,AB,skymapper,skymapper,2017arXiv171005846A
GW170817,57993.40130787,19.50,,T,g,AB,skymapper,skymapper,2017arXiv171005846A
GW170817,57993.699,18.43,,T,H,AB,SIRIUS,IRSF,2017arXiv171005436K
GW170817,57993.699,19.53,0.21,F,H,AB,SIRIUS,IRSF,2017arXiv171005848U
GW170817,57993.699,18.37,,T,J,AB,SIRIUS,IRSF,2017arXiv171005436K
GW170817,57993.699,18.48,,T,Ks,AB,SIRIUS,IRSF,2017arXiv171005436K
GW170817,57993.699,18.64,0.12,F,Ks,AB,SIRIUS,IRSF,2017arXiv171005848U
GW170817,57993.813519,23.77,0.375,F,F606W,AB,,HST,2017arXiv171005433T
GW170817,57993.829,24.08,0.05,F,F475W,AB,WFC3_UVIS,HST,2017ApJ...848L..27T
GW170817,57993.836519,24.747,0.695,F,F475W,AB,,HST,2017arXiv171005433T
GW170817,57993.94,23.96,0.05,F,F475W,AB,WFC3_UVIS,HST,2017ApJ...848L..27T
GW170817,57993.947519,24.555,0.639,F,F475W,AB,,HST,2017arXiv171005433T
GW170817,57993.957,22.32,0.02,F,F814W,AB,WFC3_UVIS,HST,2017ApJ...848L..27T
GW170817,57993.958519,22.584,0.339,F,F814W,AB,,HST,2017arXiv171005433T
GW170817,57993.96019,20.05,0.20,F,H,AB,EFOSC2,NTT,2017arXiv171005841S
GW170817,57993.967519,23.665,0.357,F,F606W,AB,,HST,2017arXiv171005433T
GW170817,57993.969,23.09,0.03,F,F606W,AB,WFC3_UVIS,HST,2017ApJ...848L..27T
GW170817,57993.969,19.11,,T,K,AB,ANDICAM,CTIO1.3m,2017arXiv171005436K
GW170817,57993.978519,18.99,0.05,F,Ks,AB,,Gemini,2017arXiv171005433T
GW170817,57993.979,19.41,0.09,F,Ks,AB,FLAMINGOS-2,Gemini-S,2017arXiv171005436K
GW170817,57993.98,22.815,0.471,F,z,AB,FORS2,VLT,2017arXiv171005858P
GW170817,57993.983344907414,19.03,0.17,F,K,AB,Gemini,,2017ApJ...848L..17C
GW170817,57993.988519,20.24,0.18,F,H,AB,,Gemini,2017arXiv171005433T
GW170817,57993.988519,20.35,0.12,F,J,AB,,Gemini,2017arXiv171005433T
GW170817,57993.989,20.63,,T,H,AB,FLAMINGOS-2,Gemini-S,2017arXiv171005436K
GW170817,57993.989,21.07,,T,J,AB,FLAMINGOS-2,Gemini-S,2017arXiv171005436K
GW170817,57993.989,21.16,0.40,F,J,AB,VIRCAM,VISTA,2017ApJ...848L..27T
GW170817,57993.9970,19.64,0.14,F,H,AB,SOFI,NTT,2017Sci...358.1570D
GW170817,57994.00,23.000,0.309,F,I,AB,FORS2,VLT,2017arXiv171005858P
GW170817,57994.029,26.04,,T,F225W,AB,WFC3_UVIS,HST,2017arXiv171005436K
GW170817,57994.029,26.13,,T,F275W,AB,WFC3_UVIS,HST,2017arXiv171005436K
GW170817,57994.029,26.37,,T,F336W,AB,WFC3_UVIS,HST,2017arXiv171005436K
GW170817,57994.9620,19.36,0.09,F,Ks,AB,FourStar,Magellan,2017Sci...358.1570D
GW170817,57994.969,19.44,0.08,F,Ks,AB,FLAMINGOS-2,Gemini-S,2017arXiv171005436K
GW170817,57994.969,23.12,0.31,F,r,AB,VIMOS,VLT,2017ApJ...848L..27T
GW170817,57994.975451388884,19.42,0.16,F,K,AB,Gemini,,2017ApJ...848L..17C
GW170817,57994.978519,20.57,0.19,F,H,AB,,Gemini,2017arXiv171005433T
GW170817,57994.978519,19.46,0.04,F,Ks,AB,,Gemini,2017arXiv171005433T
GW170817,57994.979,20.99,0.21,F,H,AB,FLAMINGOS-2,Gemini-S,2017arXiv171005436K
GW170817,57994.9850,19.32,0.09,F,Ks,AB,SOFI,NTT,2017Sci...358.1570D
GW170817,57994.989,21.55,,T,J,AB,FLAMINGOS-2,Gemini-S,2017arXiv171005436K
GW170817,57994.989,19.34,0.08,F,Ks,AB,VIRCAM,VISTA,2017ApJ...848L..27T
GW170817,57995.38811343,19.36,,T,g,AB,skymapper,skymapper,2017arXiv171005846A
GW170817,57995.38949074,19.32,,T,r,AB,skymapper,skymapper,2017arXiv171005846A
GW170817,57995.40107639,19.24,,T,g,AB,skymapper,skymapper,2017arXiv171005846A
GW170817,57995.959,19.84,0.09,F,Ks,AB,FLAMINGOS-2,Gemini-S,2017arXiv171005436K
GW170817,57995.96075,19.67,0.14,F,K,AB,EFOSC2,NTT,2017arXiv171005841S
GW170817,57995.9620,20.50,,T,H,AB,FourStar,Magellan,2017Sci...358.1570D
GW170817,57995.969,22.30,0.28,F,z,AB,VIMOS,VLT,2017ApJ...848L..27T
GW170817,57995.969733796286,19.63,0.23,F,K,AB,Gemini,,2017ApJ...848L..17C
GW170817,57995.9780,19.52,0.09,F,Ks,AB,FourStar,Magellan,2017Sci...358.1570D
GW170817,57995.978519,21.01,0.14,F,H,AB,,Gemini,2017arXiv171005433T
GW170817,57995.979,21.48,0.30,F,H,AB,FLAMINGOS-2,Gemini-S,2017arXiv171005436K
GW170817,57995.989,21.94,,T,J,AB,FLAMINGOS-2,Gemini-S,2017arXiv171005436K
GW170817,57995.9900,19.43,0.09,F,Ks,AB,SOFI,NTT,2017Sci...358.1570D
GW170817,57996.799,19.35,0.04,F,Ks,AB,MOIRCS,Subaru,2017arXiv171005848U
GW170817,57996.959,20.06,0.10,F,Ks,AB,FLAMINGOS-2,Gemini-S,2017arXiv171005436K
GW170817,57996.969,7.74,,T,J8.9,AB,VISIR,VLT,2017arXiv171005436K
GW170817,57996.974432870375,19.9,0.21,F,K,AB,Gemini,,2017ApJ...848L..17C
GW170817,57996.978519,19.93,0.03,F,Ks,AB,,Gemini,2017arXiv171005433T
GW170817,57996.98,23.342,0.368,F,z,AB,FORS2,VLT,2017arXiv171005858P
GW170817,57996.989,20.02,0.13,F,Ks,AB,VIRCAM,VISTA,2017ApJ...848L..27T
GW170817,57996.999,21.63,0.36,F,H,AB,FLAMINGOS-2,Gemini-S,2017arXiv171005436K
GW170817,57997.009,23.20,,T,i,AB,GMOS,Gemini-S,2017arXiv171005436K
GW170817,57997.799,19.97,0.05,F,Ks,AB,MOIRCS,Subaru,2017arXiv171005848U
GW170817,57997.969,7.57,,T,J8.9,AB,VISIR,VLT,2017arXiv171005436K
GW170817,57997.9697,20.23,0.10,F,Ks,AB,FourStar,Magellan,2017Sci...358.1570D
GW170817,57997.97565972223,20.13,0.25,F,K,AB,Gemini,,2017ApJ...848L..17C
GW170817,57997.978519,20.06,0.05,F,Ks,AB,,Gemini,2017arXiv171005433T
GW170817,57997.979,20.43,0.13,F,Ks,AB,FLAMINGOS-2,Gemini-S,2017arXiv171005436K
GW170817,57998.029,23.40,,T,i,AB,GMOS,Gemini-S,2017arXiv171005436K
GW170817,57998.97474537037,20.43,0.30000000000000004,F,K,AB,Gemini,,2017ApJ...848L..17C
GW170817,57998.978519,20.31,0.08,F,Ks,AB,,Gemini,2017arXiv171005433T
GW170817,57998.979,20.95,0.18,F,Ks,AB,FLAMINGOS-2,Gemini-S,2017arXiv171005436K
GW170817,57998.999,21.18,,T,r,AB,GMOS,Gemini-S,2017arXiv171005436K
GW170817,57999.979,20.77,0.13,F,Ks,AB,HAWKI,VLT,2017ApJ...848L..27T
GW170817,57999.989,19.92,,T,Ks,AB,FLAMINGOS-2,Gemini-S,2017arXiv171005436K
GW170817,58000.008519,20.61,0.09,F,Ks,AB,,Gemini,2017arXiv171005433T
GW170817,58000.009,21.98,,T,r,AB,GMOS,Gemini-S,2017arXiv171005436K
GW170817,58000.9600,20.81,0.13,F,Ks,AB,FourStar,Magellan,2017Sci...358.1570D
GW170817,58000.96635,20.76,0.35,F,K,AB,EFOSC2,NTT,2017arXiv171005841S
GW170817,58000.97829861112,20.84,0.26,F,K,AB,Gemini,,2017ApJ...848L..17C
GW170817,58000.979,21.04,0.09,F,Ks,AB,FLAMINGOS-2,Gemini-S,2017arXiv171005436K
GW170817,58000.9900,20.93,0.17,F,Ks,AB,FourStar,Magellan,2017Sci...358.1570D
GW170817,58000.999,21.90,,T,i,AB,GMOS,Gemini-S,2017arXiv171005436K
GW170817,58001.988519,20.85,0.13,F,Ks,AB,,Gemini,2017arXiv171005433T
GW170817,58001.989,21.23,0.37,F,Ks,AB,FLAMINGOS-2,Gemini-S,2017arXiv171005436K
GW170817,58001.992,23.37,0.48,F,z,AB,VIMOS,VLT,2017ApJ...848L..27T
GW170817,58002.979,21.22,,T,H,AB,FLAMINGOS-2,Gemini-S,2017arXiv171005436K
GW170817,58002.979,7.42,,T,J8.9,AB,VISIR,VLT,2017arXiv171005436K
GW170817,58003.969,21.46,0.08,F,Ks,AB,HAWKI,VLT,2017ApJ...848L..27T
GW170817,58003.989,21.48,,T,Ks,AB,FLAMINGOS-2,Gemini-S,2017arXiv171005436K
GW170817,58007.969,22.06,0.22,F,Ks,AB,HAWKI,VLT,2017ApJ...848L..27T
GW170817,58007.989,20.21,,T,J,AB,FLAMINGOS-2,Gemini-S,2017arXiv171005436K
GW170817,58010.969,19.96,,T,Ks,AB,FLAMINGOS-2,Gemini-S,2017arXiv171005436K
GW170817,58011.969,20.60,,T,Ks,AB,FLAMINGOS-2,Gemini-S,2017arXiv171005436K
