time,band,flux,fluxerr,zp,zpsys,mag
-18.1,desg,341816130.33867544,18489.808276206324,50.0,ab,5.307456749344961
-18.0,desg,435613980.7943969,20872.164852545866,50.0,ab,5.044183608136898
-17.9,desg,535666151.23699766,23145.301594905683,50.0,ab,4.819702622129309
-17.8,desg,641758174.1480192,25332.915624164063,50.0,ab,4.623509609925659
-17.700000000000003,desg,753465162.3551872,27450.183842840528,50.0,ab,4.449280190450949
-17.6,desg,870583203.1941867,29507.344271242087,50.0,ab,4.292412423176248
-17.5,desg,992967313.6892282,31511.575268413148,50.0,ab,4.149600750752878
-17.4,desg,1120092915.1260362,33468.0603850866,50.0,ab,4.018803006976629
-17.3,desg,1251737769.9486692,35380.62858597454,50.0,ab,3.898154740430744
-17.200000000000003,desg,1387687705.3531332,37252.157770547645,50.0,ab,3.786208781167403
-17.1,desg,1527541771.4516168,39084.83909749877,50.0,ab,3.681955394786808
-17.0,desg,1672455958.3036115,40895.97787440518,50.0,ab,3.5835514073284322
-16.9,desg,1823231218.6678493,42700.15208719044,50.0,ab,3.489833761178776
-16.8,desg,1979792133.0850837,44495.3376620085,50.0,ab,3.400389147008976
-16.700000000000003,desg,2141761330.9665968,46279.82004013639,50.0,ab,3.315010449496146
-16.6,desg,2308949044.5525723,48052.13290402095,50.0,ab,3.233402260722684
-16.5,desg,2481155824.2868495,49811.010380976026,50.0,ab,3.155303032094519
-16.4,desg,2657826402.3043485,51555.349470973,50.0,ab,3.0806216042681918
-16.3,desg,2839283009.7458158,53284.18028655174,50.0,ab,3.0089164234445143
-16.200000000000003,desg,3024616914.897792,54996.64230535535,50.0,ab,2.9402621910664912
-16.1,desg,3214007687.4740634,56691.96528360286,50.0,ab,2.8743208545135523
-16.0,desg,3406954092.8753695,58369.453808088205,50.0,ab,2.8110224282929472
-15.9,desg,3603358860.669089,60028.47470790712,50.0,ab,2.7501693427093166
-15.8,desg,3802866520.687533,61668.44672853236,50.0,ab,2.6916604272911258
-15.700000000000001,desg,4005504625.392284,63288.832006865414,50.0,ab,2.6352950385743092
-15.600000000000001,desg,4211680483.185137,64897.87238550178,50.0,ab,2.5807995918898428
-15.5,desg,4422702529.656672,66503.1357813125,50.0,ab,2.527718808102918
-15.4,desg,4638079282.230329,68103.20865035347,50.0,ab,2.4760927122884766
-15.3,desg,4857600970.622079,69696.80627743596,50.0,ab,2.425883540874988
-15.200000000000001,desg,5081243650.4690275,71282.75727749424,50.0,ab,2.3770130819115884
-15.100000000000001,desg,5308645645.083577,72859.99007568331,50.0,ab,2.3294787902166654
-15.0,desg,5539380813.426908,74427.5211023842,50.0,ab,2.28328507644823
-14.9,desg,5773711592.913048,75984.44447296824,50.0,ab,2.238300416743847
-14.8,desg,6010848475.576028,77529.922952495,50.0,ab,2.1945986820255357
-14.700000000000001,desg,6250968523.370273,79063.1800324298,50.0,ab,2.152069852452577
-14.600000000000001,desg,6493623084.174233,80583.49297008208,50.0,ab,2.1107204404328925
-14.5,desg,6738665640.977497,82090.18666203835,50.0,ab,2.070503362298833
-14.4,desg,6986006244.934157,83582.62824067814,50.0,ab,2.0313657087035786
-14.3,desg,7235239055.309015,85060.22229823098,50.0,ab,1.9933059201136558
-14.200000000000001,desg,7486942012.904844,86527.60171188205,50.0,ab,1.956176958799933
-14.100000000000001,desg,7742122337.181436,87989.38138281817,50.0,ab,1.919788058661446
-14.0,desg,8000427311.1079,89444.99291895198,50.0,ab,1.8841551731962731
-13.9,desg,8261652695.635419,90893.90315590582,50.0,ab,1.8492707972703002
-13.8,desg,8525846226.308723,92335.6110097649,50.0,ab,1.8150943940984199
-13.700000000000001,desg,8792734620.975445,93769.64462793777,50.0,ab,1.7816282184138394
-13.600000000000001,desg,9062292327.47266,95195.5588076917,50.0,ab,1.7488429641422556
-13.5,desg,9334071299.60111,96612.93265504127,50.0,ab,1.716760347568485
-13.4,desg,9608131191.270363,98021.36745950041,50.0,ab,1.6853408215807306
-13.3,desg,9884345360.16437,99420.48476275595,50.0,ab,1.6545683542841303
-13.200000000000001,desg,10162613301.48678,100809.92460162127,50.0,ab,1.6244246312332642
-13.100000000000001,desg,10442608651.067799,102189.34390768973,50.0,ab,1.5949156259775563
-13.0,desg,10724168007.693941,103558.41504795261,50.0,ab,1.5660291096748367
-12.9,desg,11007407135.573427,104916.8244923019,50.0,ab,1.5377255570089083
-12.8,desg,11292390437.787703,106265.50721652026,50.0,ab,1.5099734185286806
-12.700000000000001,desg,11579057142.77105,107605.97915274938,50.0,ab,1.4827551395601084
-12.600000000000001,desg,11867658758.820333,108938.78568935266,50.0,ab,1.4560255070824937
-12.5,desg,12158066303.573141,110264.44416828125,50.0,ab,1.4297768638597574
-12.4,desg,12450855781.68479,111583.44590412687,50.0,ab,1.4039401257296014
-12.3,desg,12745680757.649565,112896.25801317622,50.0,ab,1.378530541363883
-12.200000000000001,desg,13042301977.029427,114203.32507403083,50.0,ab,1.353552503783039
-12.100000000000001,desg,13341602105.288097,115505.07063852175,50.0,ab,1.3289181718166887
-12.0,desg,13642623215.451256,116801.89860923678,50.0,ab,1.304693420344055
-11.9,desg,13946156110.444468,118094.19449791651,50.0,ab,1.2808018267686698
-11.8,desg,14252045970.244173,119382.32657720821,50.0,ab,1.2572450962541488
-11.700000000000001,desg,14560248118.830433,120666.64693674949,50.0,ab,1.2340161930648854
-11.600000000000001,desg,14871336166.210684,121947.49245324411,50.0,ab,1.2110631551386533
-11.5,desg,15184311443.910912,123225.1856830582,50.0,ab,1.18845037515554
-11.4,desg,15499990472.852114,124498.85072548996,50.0,ab,1.1661095544472708
-11.3,desg,15817496658.298914,125767.70639935118,50.0,ab,1.1440937540712106
-11.200000000000001,desg,16137207443.858212,127032.193073504,50.0,ab,1.1223671777837332
-11.100000000000001,desg,16458915159.568672,128292.73327738653,50.0,ab,1.1009351160430967
-11.0,desg,16783049608.619263,129549.73270753004,50.0,ab,1.0797609367800831
-10.9,desg,17109711236.241438,130803.58115501492,50.0,ab,1.0588314326831316
-10.8,desg,17438607549.60602,132054.65336147,50.0,ab,1.0381586222076535
-10.700000000000001,desg,17769679361.16096,133303.3098103715,50.0,ab,1.017739154021701
-10.600000000000001,desg,18103671637.20116,134549.89745966092,50.0,ab,0.9975214729621378
-10.5,desg,18440381011.823174,135794.75042105746,50.0,ab,0.9775134072087042
-10.4,desg,18779387688.12785,137038.19059086769,50.0,ab,0.9577345631210186
-10.3,desg,19121352406.16739,138280.52823660112,50.0,ab,0.9381416185059379
-10.200000000000001,desg,19466313139.173473,139522.06254325437,50.0,ab,0.918728869401999
-10.100000000000001,desg,19814302604.35149,140763.0821227394,50.0,ab,0.8994911543710167
-10.0,desg,20164631224.227894,142002.82336902365,50.0,ab,0.8804624226920019
-9.900000000000002,desg,20517865052.36914,143240.48971538426,50.0,ab,0.8616077097699417
-9.8,desg,20873352878.313046,144476.3066739945,50.0,ab,0.8429575944760508
-9.7,desg,21231595691.05171,145710.49202997435,50.0,ab,0.8244815439753737
-9.600000000000001,desg,21592258988.248993,146943.25619217288,50.0,ab,0.8061929307128679
-9.5,desg,21955438747.762115,148174.80252208954,50.0,ab,0.78808283183076
-9.400000000000002,desg,22321869477.17987,149405.32764262578,50.0,ab,0.7701117216383935
-9.3,desg,22690835064.274574,150635.02172820584,50.0,ab,0.7523119349921359
-9.2,desg,23062667298.320038,151864.06877766832,50.0,ab,0.7346642977215829
-9.100000000000001,desg,23437455516.12374,153092.64687120833,50.0,ab,0.7171619805466101
-9.0,desg,23814862400.144318,154320.9284125373,50.0,ab,0.6998179411562795
-8.900000000000002,desg,24195505010.02137,155549.08035733088,50.0,ab,0.6826014046211029
-8.8,desg,24579095542.61076,156777.26442894212,50.0,ab,0.6655233881454983
-8.7,desg,24965807574.391613,158005.6373222762,50.0,ab,0.6485740854296047
-8.600000000000001,desg,25357965850.449883,159241.7926541304,50.0,ab,0.6316521009149412
-8.5,desg,25757357692.571957,160490.59488023075,50.0,ab,0.6146848598681736
-8.400000000000002,desg,26162454844.316097,161748.19230082416,50.0,ab,0.5977419031025484
-8.3,desg,26572462725.09298,163010.85014642708,50.0,ab,0.5808586162388565
-8.2,desg,26986093949.280712,164274.94769038176,50.0,ab,0.564088062573326
-8.100000000000001,desg,27402521651.072525,165536.97462280898,50.0,ab,0.5474618086116791
-8.0,desg,27820000721.936554,166793.5268116937,50.0,ab,0.5310452902047125
-7.900000000000002,desg,28237734983.286728,168041.30156228712,50.0,ab,0.5148634875930682
-7.800000000000001,desg,28654742328.082085,169277.0924717909,50.0,ab,0.49894686375268194
-7.699999999999999,desg,29069485680.20499,170497.78396269036,50.0,ab,0.4833447626075227
-7.600000000000001,desg,29481311597.669228,171700.34556529042,50.0,ab,0.46807113002736855
-7.5,desg,29888169525.95327,172881.8260081055,50.0,ab,0.45318983782242483
-7.400000000000002,desg,30289734321.14081,174039.34716378403,50.0,ab,0.4386994724106792
-7.300000000000001,desg,30684945395.76646,175170.09788824062,50.0,ab,0.42462474554911367
-7.199999999999999,desg,31075717451.48144,176283.3124585795,50.0,ab,0.4108852223312489
-7.100000000000001,desg,31467206270.62483,177388.9808914812,50.0,ab,0.3972926650612969
-7.0,desg,31856969206.205784,178485.50173858358,50.0,ab,0.3839269932193048
-6.899999999999999,desg,32245986876.115105,179571.31141829627,50.0,ab,0.3707489502860888
-6.800000000000001,desg,32632661251.775608,180644.88220873443,50.0,ab,0.3578069007140172
-6.699999999999999,desg,33016629187.716896,181704.7202130068,50.0,ab,0.3451063021094747
-6.600000000000001,desg,33397125138.767868,182749.36330552853,50.0,ab,0.3326654228342427
-6.5,desg,33774415278.912827,183777.37906642718,50.0,ab,0.3204685349790424
-6.399999999999999,desg,34146439241.281746,184787.36270964358,50.0,ab,0.3085745761282759
-6.300000000000001,desg,34513443398.52005,185777.93500899716,50.0,ab,0.2969674052290969
-6.199999999999999,desg,34874835314.735825,186747.7402252606,50.0,ab,0.2856577188459255
-6.100000000000001,desg,35229966784.55483,187695.4440361801,50.0,ab,0.2746575482179239
-6.0,desg,35577223904.45787,188619.73147035847,50.0,ab,0.2640079899863217
-5.899999999999999,desg,35917440178.93232,189519.30484498438,50.0,ab,0.25367468974356555
-5.800000000000001,desg,36251252989.151436,190397.6293627213,50.0,ab,0.2436305771924019
-5.699999999999999,desg,36579541920.625,191258.97830815037,50.0,ab,0.23384247607342346
-5.600000000000001,desg,36903705213.16384,192103.2754699169,50.0,ab,0.2242632013467123
-5.5,desg,37222098448.47899,192930.44146289738,50.0,ab,0.21493599889245374
-5.399999999999999,desg,37535224167.36228,193740.393727315,50.0,ab,0.20584059777535657
-5.300000000000001,desg,37842887669.344315,194533.04652334785,50.0,ab,0.19697746098805524
-5.199999999999999,desg,38145341993.0457,195308.31092130463,50.0,ab,0.18833435020192368
-5.100000000000001,desg,38441656879.52187,196066.0947874299,50.0,ab,0.17993288754387393
-5.0,desg,38732408967.582794,196806.30276538627,50.0,ab,0.17175186043986912
-4.899999999999999,desg,39017575923.24228,197528.83625344394,50.0,ab,0.16378742219696818
-4.800000000000001,desg,39296705519.18734,198233.5933773965,50.0,ab,0.1560477766075259
-4.699999999999999,desg,39569152842.24996,198920.46895920642,50.0,ab,0.14854625172942093
-4.600000000000001,desg,39835551562.66233,199589.35448137345,50.0,ab,0.14126104556888208
-4.5,desg,40096361223.54425,200240.13804700028,50.0,ab,0.13417572791711763
-4.399999999999999,desg,40350741791.39487,200874.30791408767,50.0,ab,0.1273093249646493
-4.300000000000001,desg,40599420337.74883,201493.25427832588,50.0,ab,0.12063855017264657
-4.199999999999999,desg,40843002266.88823,202096.7154114122,50.0,ab,0.11414398629790767
-4.100000000000001,desg,41080904591.37201,202684.4291924715,50.0,ab,0.10783813730055414
-4.0,desg,41313166204.361595,203256.13291249223,50.0,ab,0.10171693203140464
-3.8999999999999986,desg,41538900230.433495,203811.56307812853,50.0,ab,0.09580064721822623
-3.8000000000000007,desg,41758758726.67948,204350.4552145317,50.0,ab,0.0900691804130993
-3.6999999999999993,desg,41972515894.286255,204872.54366686218,50.0,ab,0.08452562691688215
-3.6000000000000014,desg,42180039579.25631,205377.56140012632,50.0,ab,0.07917067522009447
-3.5,desg,42380442362.198784,205865.23979696952,50.0,ab,0.07402441873380994
-3.3999999999999986,desg,42574624327.42079,206335.3084530473,50.0,ab,0.06906107127672456
-3.3000000000000007,desg,42761185422.16596,206787.49496958096,50.0,ab,0.0643137920685497
-3.1999999999999993,desg,42940659444.05821,207221.52474268994,50.0,ab,0.05976635838040778
-3.1000000000000014,desg,43113283100.68243,207637.1207490777,50.0,ab,0.055410392816224174
-3.0,desg,43278016475.751816,208034.18925591325,50.0,ab,0.05126976275054673
-2.8999999999999986,desg,43436065491.98309,208413.1343957717,50.0,ab,0.04731193432925451
-2.8000000000000007,desg,43586840063.88366,208774.41791048174,50.0,ab,0.043549670262652995
-2.6999999999999993,desg,43730762350.25314,209118.4937969749,50.0,ab,0.0399705115553175
-2.6000000000000014,desg,43867419279.097946,209445.80875208153,50.0,ab,0.036582918505203565
-2.5,desg,43998039672.888885,209756.80259417914,50.0,ab,0.03335481506655569
-2.3999999999999986,desg,44121962385.246574,210051.9086632017,50.0,ab,0.03030108240762175
-2.3000000000000007,desg,44239410448.67305,210331.55420039583,50.0,ab,0.027414805618409588
-2.1999999999999993,desg,44350720879.15179,210596.16070909784,50.0,ab,0.024686424338820956
-2.1000000000000014,desg,44456364386.7622,210846.1442977016,50.0,ab,0.022103273799157108
-2.0,desg,44555630948.33318,211081.91600589093,50.0,ab,0.019681637387257922
-1.8999999999999986,desg,44649648315.71296,211303.88211512615,50.0,ab,0.017393026258446298
-1.8000000000000007,desg,44737509477.28441,211512.4444442961,50.0,ab,0.01525862402020195
-1.6999999999999993,desg,44820300593.66721,211708.0006313688,50.0,ab,0.013251220354920434
-1.6000000000000014,desg,44896527283.632996,211887.85794208723,50.0,ab,0.011406257733352021
-1.5,desg,44964904670.95209,212049.76536107023,50.0,ab,0.009753939987849236
-1.3999999999999986,desg,45026466445.09923,212194.774292108,50.0,ab,0.00826846740046605
-1.3000000000000007,desg,45081301733.1398,212323.92905939245,50.0,ab,0.006947012745062153
-1.1999999999999993,desg,45130098052.37964,212438.26773689652,50.0,ab,0.005772439780876937
-1.1000000000000014,desg,45172495586.997696,212538.8229165096,50.0,ab,0.004752922182223784
-1.0,desg,45209860731.1656,212626.62241736037,50.0,ab,0.0038552095360202543
-0.8999999999999986,desg,45242058982.07712,212702.68993842535,50.0,ab,0.0030822285239651137
-0.8000000000000007,desg,45270039952.15174,212768.04565622067,50.0,ab,0.0024109380870029895
-0.6999999999999993,desg,45293988322.819115,212823.70676910563,50.0,ab,0.0018367230442315474
-0.6000000000000014,desg,45314283018.47963,212870.68798948455,50.0,ab,0.0013503505335243915
-0.5,desg,45330733176.53889,212910.00198497248,50.0,ab,0.0009562740994333296
-0.3999999999999986,desg,45344760899.222595,212942.65976939938,50.0,ab,0.000620341956693693
-0.3000000000000007,desg,45356605101.35974,212969.67104435957,50.0,ab,0.0003367810861831799
-0.1999999999999993,desg,45364637954.09642,212989.88252569298,50.0,ab,0.00014450949084832132
-0.10000000000000142,desg,45369760435.03459,213001.3607598506,50.0,ab,2.191732916401179e-05
0.0,desg,45370676305.7645,213003.9436109854,50.0,ab,0.0
0.10000000000000142,desg,45368097395.65167,212997.467850044,50.0,ab,6.171597796367223e-05
0.1999999999999993,desg,45361726533.6363,212981.76908602935,50.0,ab,0.00021419231391206495
0.3000000000000007,desg,45351081109.46201,212956.68169525702,50.0,ab,0.00046902121391667606
0.3999999999999986,desg,45335550449.77033,212922.03874850995,50.0,ab,0.0008408996128856927
0.5,desg,45317283384.65192,212877.67193598812,50.0,ab,0.0012784637437128765
0.6000000000000014,desg,45293267802.537476,212823.4114899444,50.0,ab,0.0018539946780045113
0.6999999999999993,desg,45266561580.422676,212759.0861048917,50.0,ab,0.0024943649896655984
0.8000000000000007,desg,45234622773.44981,212684.52285525677,50.0,ab,0.00326070016537372
0.8999999999999986,desg,45198465334.74607,212599.54711035348,50.0,ab,0.00412890987014336
1.0,desg,45157768093.75602,212503.9824465339,50.0,ab,0.005106960178085984
1.1000000000000014,desg,45112505434.92,212397.65055637254,50.0,ab,0.006195764047163266
1.1999999999999993,desg,45063446540.90862,212280.9782418767,50.0,ab,0.007377121637105688
1.3000000000000007,desg,45009539207.082985,212154.44056040622,50.0,ab,0.008676715528405765
1.3999999999999986,desg,44951448512.87472,212017.92889353202,50.0,ab,0.010078905082483658
1.5,desg,44889704091.908066,211871.33294446187,50.0,ab,0.011571276048268686
1.6000000000000014,desg,44823082280.68754,211714.540680377,50.0,ab,0.013183838285826255
1.6999999999999993,desg,44752205142.69915,211547.43827270996,50.0,ab,0.014902032959316358
1.8000000000000007,desg,44677017205.5774,211369.91003526386,50.0,ab,0.016727706549794163
1.8999999999999986,desg,44598061473.13178,211181.83836006085,50.0,ab,0.018648177993988213
2.0,desg,44513900847.710915,210983.10365080734,50.0,ab,0.02069899727397484
2.1000000000000014,desg,44425547989.979454,210773.5842538535,50.0,ab,0.022856148667241172
2.1999999999999993,desg,44332492013.409225,210553.15638651716,50.0,ab,0.025132771266083154
2.3000000000000007,desg,44235406224.85553,210321.6940626365,50.0,ab,0.02751308286694254
2.3999999999999986,desg,44133369599.86121,210079.06901520657,50.0,ab,0.03002041435747671
2.5,desg,44026491848.42296,209825.1506159463,50.0,ab,0.03265292986197821
2.6000000000000014,desg,43914496327.17789,209557.63195394256,50.0,ab,0.03541836746844851
2.6999999999999993,desg,43796253843.99108,209274.99404026335,50.0,ab,0.038345721811150923
2.8000000000000007,desg,43672191862.0266,208978.28810297017,50.0,ab,0.04142565937474885
2.8999999999999986,desg,43542416236.9478,208668.56835673665,50.0,ab,0.04465681988117254
3.0,desg,43408351928.555855,208346.89270919605,50.0,ab,0.04800488895065769
3.1000000000000014,desg,43269957738.03281,208014.32342328824,50.0,ab,0.051471954966157085
3.1999999999999993,desg,43127610825.725204,207671.92773526744,50.0,ab,0.05504963287402731
3.3000000000000007,desg,42981732127.63634,207320.77842777208,50.0,ab,0.05872834949429162
3.3999999999999986,desg,42833101979.8266,206961.95435710627,50.0,ab,0.06248931449842843
3.5,desg,42681951150.505554,206596.54093364562,50.0,ab,0.06632747147007123
3.6000000000000014,desg,42528734560.37157,206225.63055406066,50.0,ab,0.07023198126179153
3.6999999999999993,desg,42374045886.01115,205850.32298383443,50.0,ab,0.07418830116497332
3.8000000000000007,desg,42218625952.379684,205471.72568836174,50.0,ab,0.07817789589200075
3.8999999999999986,desg,42062192966.19103,205090.95411073617,50.0,ab,0.08220835392376458
4.0,desg,41903973324.18782,204704.40201520183,50.0,ab,0.08630012098981865
4.100000000000001,desg,41741528136.19342,204308.25965641215,50.0,ab,0.09051727171646107
4.199999999999999,desg,41576257515.72891,203903.34707668223,50.0,ab,0.09482464811077662
4.300000000000001,desg,41408441163.32367,203490.48963737255,50.0,ab,0.09921592845122262
4.399999999999999,desg,41237381119.547646,203070.51841149462,50.0,ab,0.1037104411272658
4.5,desg,41064716816.24375,202644.27055056542,50.0,ab,0.10826605186148797
4.600000000000001,desg,40889867256.78235,202212.58962478212,50.0,ab,0.11289888081864063
4.699999999999999,desg,40713470117.157936,201776.32593545967,50.0,ab,0.11759283244797558
4.800000000000001,desg,40536179948.55874,201336.33679854637,50.0,ab,0.12233108449319374
4.899999999999999,desg,40358245096.58683,200893.48679791842,50.0,ab,0.12710744880587654
5.0,desg,40179392499.95293,200448.64800702996,50.0,ab,0.13192971736247117
5.100000000000001,desg,40000868637.37731,200002.70017739793,50.0,ab,0.13676457667979136
5.199999999999999,desg,39822919118.7825,199556.53089229515,50.0,ab,0.14160540321653414
5.300000000000001,desg,39645127211.279465,199111.03568393315,50.0,ab,0.146463593190429
5.399999999999999,desg,39467568909.20032,198664.6502429651,50.0,ab,0.15133719275587154
5.5,desg,39289041657.51184,198215.26338177614,50.0,ab,0.15625954356055516
5.600000000000001,desg,39110531924.601685,197762.95677939613,50.0,ab,0.16120382593362237
5.699999999999999,desg,38930263954.65518,197307.81273174673,50.0,ab,0.16621976169988883
5.800000000000001,desg,38749688769.24753,196849.91417076174,50.0,ab,0.171267585823216
5.899999999999999,desg,38568650814.71428,196389.34468356246,50.0,ab,0.1763520152597451
6.0,desg,38386660524.62341,195926.18853168577,50.0,ab,0.1814873025267758
6.100000000000001,desg,38204665503.206924,195460.5306703609,50.0,ab,0.18664712847531462
6.200000000000003,desg,38022119207.94882,194992.45676783132,50.0,ab,0.19184733471366044
6.299999999999997,desg,37838874735.5651,194522.05322471578,50.0,ab,0.19709260068240653
6.399999999999999,desg,37655182901.93691,194049.40719340538,50.0,ab,0.2023762289340567
6.5,desg,37471211469.36412,193574.60659748837,50.0,ab,0.20769379663927978
6.600000000000001,desg,37286597927.94911,193097.740151197,50.0,ab,0.21305623341681823
6.700000000000003,desg,37102278110.89735,192618.89737887017,50.0,ab,0.2184366913248219
6.799999999999997,desg,36916880299.930756,192137.64737241986,50.0,ab,0.22387564904660096
6.899999999999999,desg,36730948590.4354,191653.56427088307,50.0,ab,0.22935777175252525
7.0,desg,36545008140.76617,191166.7464363651,50.0,ab,0.2348679751113174
7.100000000000001,desg,36357747238.39505,190677.29311494462,50.0,ab,0.24044571733897158
7.200000000000003,desg,36170334915.29804,190185.3044619981,50.0,ab,0.2460568073125593
7.299999999999997,desg,35982571675.33572,189690.8815675781,50.0,ab,0.25170763462815415
7.399999999999999,desg,35794513950.29327,189194.12648184085,50.0,ab,0.25739695862585066
7.5,desg,35606256461.36318,188695.1422405115,50.0,ab,0.2631223434926504
7.600000000000001,desg,35417003894.20528,188194.03289037434,50.0,ab,0.2689085844876651
7.700000000000003,desg,35227815070.69944,187690.90351478002,50.0,ab,0.2747238629265176
7.799999999999997,desg,35038351419.3363,187185.8602591515,50.0,ab,0.2805789722792795
7.899999999999999,desg,34849143785.6251,186679.01035647767,50.0,ab,0.286457851739474
8.0,desg,34659340494.95471,186170.46215277744,50.0,ab,0.29238739598999786
8.100000000000001,desg,34469981512.04904,185660.3251325154,50.0,ab,0.29833550633377115
8.200000000000003,desg,34279706637.861565,185147.5674865096,50.0,ab,0.3043453909689724
8.299999999999997,desg,34088781055.96166,184631.3201296893,50.0,ab,0.31040945242616047
8.399999999999999,desg,33897108500.531773,184111.94033410322,50.0,ab,0.3165314987984793
8.5,desg,33704896702.238094,183589.7892414992,50.0,ab,0.3227056313597352
8.600000000000001,desg,33513322165.351555,183065.23197641192,50.0,ab,0.3288944288996909
8.700000000000003,desg,33320441130.150543,182538.63775486875,50.0,ab,0.3351612764992318
8.799999999999997,desg,33127651548.81018,182010.3799883728,50.0,ab,0.34146150897435845
8.899999999999999,desg,32935296044.181904,181480.83638279853,50.0,ab,0.34778420371851837
9.0,desg,32742797176.7456,180950.3890318129,50.0,ab,0.3541486877642477
9.100000000000001,desg,32551024267.30457,180419.42450440745,50.0,ab,0.3605264853869272
9.200000000000003,desg,32359786148.441048,179888.33392610025,50.0,ab,0.3669240252975001
9.299999999999997,desg,32169097904.47698,179357.51305334488,50.0,ab,0.37334092637946625
9.399999999999999,desg,31979044923.391434,178827.36234065535,50.0,ab,0.37977440978353627
9.5,desg,31790167918.87549,178298.28699993313,50.0,ab,0.38620607774963744
9.600000000000001,desg,31602121162.444893,177769.50325330763,50.0,ab,0.39264754794954015
9.700000000000003,desg,31413937210.184082,177240.00970205554,50.0,ab,0.39913220417104256
9.799999999999997,desg,31226463567.97634,176709.88946040437,50.0,ab,0.40563112582521654
9.899999999999999,desg,31039503141.85256,176179.22663562064,50.0,ab,0.4121512306034205
10.0,desg,30852341933.4117,175648.10634579262,50.0,ab,0.41871779262155684
10.100000000000001,desg,30666068222.7946,175116.61473757325,50.0,ab,0.4252928887329688
10.200000000000003,desg,30479711747.072437,174584.8390038683,50.0,ab,0.43191099383394516
10.299999999999997,desg,30294350678.94,174052.86740144985,50.0,ab,0.43853401157038263
10.399999999999999,desg,30109423364.8079,173520.7892684756,50.0,ab,0.4451820368200643
10.5,desg,29925258039.519985,172988.69504189448,50.0,ab,0.45184337269711605
10.600000000000001,desg,29740960352.71833,172456.67627471595,50.0,ab,0.45855066244241627
10.700000000000003,desg,29558188488.59999,171924.8256531193,50.0,ab,0.46524359690648964
10.799999999999997,desg,29375790014.089066,171393.23701337897,50.0,ab,0.4719642448186647
10.899999999999999,desg,29194218289.822884,170862.00535858024,50.0,ab,0.4786960050503346
11.0,desg,29012617661.887814,170331.07979808684,50.0,ab,0.48547084560234666
11.100000000000001,desg,28832241727.446877,169800.3204643684,50.0,ab,0.492242106499873
11.200000000000003,desg,28652287149.56182,169269.68942633874,50.0,ab,0.4990398951393864
11.299999999999997,desg,28472597965.93655,168739.14827542822,50.0,ab,0.505870392752815
11.399999999999999,desg,28294170946.47825,168208.6581183006,50.0,ab,0.5126956997629826
11.5,desg,28115853490.63729,167678.17956934698,50.0,ab,0.5195599535743369
11.600000000000001,desg,27938350617.351074,167147.67274294674,50.0,ab,0.5264362242562513
11.700000000000003,desg,27761520739.744175,166617.09724548768,50.0,ab,0.5333300012266342
11.799999999999997,desg,27584866196.403397,166086.41216713443,50.0,ab,0.5402609282622919
11.899999999999999,desg,27408341658.97756,165555.57607333505,50.0,ab,0.5472312341256504
12.0,desg,27232867911.757145,165024.54699605727,50.0,ab,0.5542046835342056
12.100000000000001,desg,27058049762.61698,164493.28242473982,50.0,ab,0.5611969046242784
12.200000000000003,desg,26883198530.483948,163961.73929695177,50.0,ab,0.5682357842980537
12.300000000000004,desg,26709362025.461704,163429.8739887443,50.0,ab,0.5752793458370107
12.399999999999999,desg,26535453473.037296,162897.86297379938,50.0,ab,0.5823718479470053
12.5,desg,26362937879.56938,162365.87603897028,50.0,ab,0.5894536167865496
12.600000000000001,desg,26190250776.608627,161833.8585696281,50.0,ab,0.5965889902774002
12.700000000000003,desg,26018118068.55191,161301.75523059256,50.0,ab,0.6037484321252329
12.800000000000004,desg,25846560529.221767,160769.50995400813,50.0,ab,0.61093123614652
12.899999999999999,desg,25676016760.449036,160237.06592677956,50.0,ab,0.6181190062566451
13.0,desg,25505429740.882996,159704.36557754554,50.0,ab,0.6253565191328541
13.100000000000001,desg,25335341686.63413,159171.35056317295,50.0,ab,0.6326212180067792
13.200000000000003,desg,25166079924.924816,158637.961754747,50.0,ab,0.6398992036571691
13.300000000000004,desg,24996653721.127388,158104.13922303662,50.0,ab,0.647233447611729
13.399999999999999,desg,24828359593.420433,157569.8222234122,50.0,ab,0.6545680657176689
13.5,desg,24659809716.698753,157034.94918018917,50.0,ab,0.6619638297403299
13.600000000000001,desg,24492082730.69605,156499.4576703728,50.0,ab,0.6693738381453862
13.700000000000003,desg,24324372927.08925,155963.28440677718,50.0,ab,0.6768339996669184
13.800000000000004,desg,24157148555.37997,155426.17710022733,50.0,ab,0.6843239574555326
13.899999999999999,desg,23990255934.953415,154888.02032621036,50.0,ab,0.6918509295923201
14.0,desg,23823592767.308456,154348.95689833132,50.0,ab,0.6994199905601164
14.100000000000001,desg,23657406713.623425,153809.13161445293,50.0,ab,0.7070202919010882
14.200000000000003,desg,23491308451.012306,153268.6912994622,50.0,ab,0.7146701140722413
14.300000000000004,desg,23325780319.890697,152727.78484770152,50.0,ab,0.7223476796135486
14.399999999999999,desg,23160500778.30884,152186.56326499325,50.0,ab,0.7300682687474804
14.5,desg,22996026898.635887,151645.17971017567,50.0,ab,0.7378061125900537
14.600000000000001,desg,22832416640.461246,151103.78953606894,50.0,ab,0.7455584306589422
14.700000000000003,desg,22669216462.541718,150562.55032977797,50.0,ab,0.7533468588771299
14.800000000000004,desg,22506510553.831947,150021.6219522377,50.0,ab,0.7611677162856587
14.899999999999999,desg,22344538652.09359,149481.1665768969,50.0,ab,0.7690096520035183
15.0,desg,22183238538.669407,148941.34872743103,50.0,ab,0.7768757594115172
15.100000000000001,desg,22023145391.315895,148402.33531436938,50.0,ab,0.7847397677587153
15.200000000000003,desg,21863663144.714073,147863.74890133008,50.0,ab,0.7926308137080298
15.300000000000004,desg,21704736332.446735,147325.1440218772,50.0,ab,0.8005518464472168
15.399999999999999,desg,21546301442.223824,146786.5880869336,50.0,ab,0.8085063037128428
15.5,desg,21388522103.578514,146248.14950034456,50.0,ab,0.8164861903097922
15.600000000000001,desg,21231310652.19785,145709.89767683487,50.0,ab,0.8244961203211787
15.700000000000003,desg,21074846491.600063,145171.90306002597,50.0,ab,0.8325270827114117
15.800000000000004,desg,20919225866.272938,144634.2371404974,50.0,ab,0.8405741098791815
15.899999999999999,desg,20763828698.75589,144096.97247387483,50.0,ab,0.8486695392717216
16.0,desg,20609526506.22013,143560.18269892712,50.0,ab,0.8567680970430267
16.1,desg,20455747325.382973,143023.94255565244,50.0,ab,0.864899756182389
16.200000000000003,desg,20302988613.16099,142488.3279033308,50.0,ab,0.8730382048956429
16.300000000000004,desg,20150603995.667248,141953.4157385224,50.0,ab,0.881217961903527
16.4,desg,19999437683.220287,141419.2842129861,50.0,ab,0.8893936701734368
16.5,desg,19848862574.350456,140886.01265149273,50.0,ab,0.8975990703686207
16.6,desg,19699086494.9276,140353.68320601722,50.0,ab,0.9058229147569072
16.700000000000003,desg,19550389765.67043,139822.27683342723,50.0,ab,0.9140495822320922
16.800000000000004,desg,19402311938.57604,139291.7211232159,50.0,ab,0.9223044259491644
16.9,desg,19254994155.54856,138761.94254086138,50.0,ab,0.9305796546755616
17.0,desg,19108452571.608883,138232.86641058218,50.0,ab,0.9388743357120681
17.1,desg,18962835761.948635,137704.4168973933,50.0,ab,0.9471799234752076
17.200000000000003,desg,18817335013.85512,137176.51698842132,50.0,ab,0.9555428402023303
17.300000000000004,desg,18672725643.301556,136649.08847344064,50.0,ab,0.9639188420062226
17.4,desg,18528901888.20611,136122.05192458502,50.0,ab,0.9723139282626398
17.5,desg,18385939358.700798,135595.32667519164,50.0,ab,0.9807235740843403
17.6,desg,18243543147.414265,135068.83079772853,50.0,ab,0.9891651621310693
17.700000000000003,desg,18101551099.073196,134542.4810807559,50.0,ab,0.9976486559952953
17.800000000000004,desg,17960212810.721226,134016.1930048678,50.0,ab,1.0061594367175566
17.9,desg,17819483393.329647,133489.88071755992,50.0,ab,1.014700359513359
18.0,desg,17679121381.321087,132963.82633386744,50.0,ab,1.0232864385090892
18.1,desg,17539772000.691944,132438.32766975326,50.0,ab,1.03187827332642
18.200000000000003,desg,17401078448.223564,131913.3206466583,50.0,ab,1.040497720204442
18.300000000000004,desg,17263006956.75121,131388.74015580575,50.0,ab,1.0491470186456375
18.4,desg,17125379898.237904,130864.52003981752,50.0,ab,1.0578375965790805
18.5,desg,16988577546.066143,130340.59307360645,50.0,ab,1.0665455902555259
18.6,desg,16852450570.444021,129816.89094450843,50.0,ab,1.0752804775374152
18.700000000000003,desg,16716485034.599161,129293.34423161192,50.0,ab,1.0840757228721394
18.800000000000004,desg,16581739608.050331,128769.88238424444,50.0,ab,1.0928629052615442
18.9,desg,16447221122.722479,128246.43369956962,50.0,ab,1.1017068043148122
19.0,desg,16313114668.529816,127722.92529924873,50.0,ab,1.1105959101440845
19.1,desg,16179852211.489698,127199.28310511736,50.0,ab,1.1195017565152732
19.200000000000003,desg,16046547782.862387,126675.43181382334,50.0,ab,1.1284840983183742
19.300000000000004,desg,15913984313.75365,126151.29487037177,50.0,ab,1.1374908184054675
19.4,desg,15782004470.315224,125627.003257145,50.0,ab,1.1465327273656207
19.5,desg,15650790369.882723,125102.73270558433,50.0,ab,1.1555974464061904
19.6,desg,15519583858.199747,124578.47269796676,50.0,ab,1.1647379527323096
19.700000000000003,desg,15389563949.745934,124054.21253876957,50.0,ab,1.173872345920767
19.800000000000004,desg,15259443553.882883,123529.9413509026,50.0,ab,1.1830913898692792
19.9,desg,15130359440.335526,123005.64807183345,50.0,ab,1.1923150191539555
20.0,desg,15001744618.589746,122481.32144960362,50.0,ab,1.201583712519394
20.1,desg,14873552913.033485,121956.95003873142,50.0,ab,1.210901325502622
20.200000000000003,desg,14745846610.57034,121432.52219599701,50.0,ab,1.2202638526021872
20.300000000000004,desg,14618726486.979828,120908.02607610529,50.0,ab,1.2296642809529104
20.4,desg,14492134329.945833,120383.44962722342,50.0,ab,1.2391072552018905
20.5,desg,14366082583.671122,119858.78058638646,50.0,ab,1.2485922358856705
20.6,desg,14240677792.263538,119334.00647476851,50.0,ab,1.2581114818741064
20.700000000000003,desg,14115480914.61049,118809.11459281208,50.0,ab,1.2676989346364103
20.800000000000004,desg,13991048409.804703,118283.49213814466,50.0,ab,1.2773124843294887
20.9,desg,13866731685.26863,117756.71714299227,50.0,ab,1.2870028519192012
21.0,desg,13742715954.125387,117229.06665073124,50.0,ab,1.2967567069468657
21.1,desg,13618770984.930298,116700.82269070928,50.0,ab,1.3065933405505454
21.200000000000003,desg,13495899316.091646,116172.27240924681,50.0,ab,1.3164335584911093
21.300000000000004,desg,13373411241.765505,115643.70819761178,50.0,ab,1.3263326333415257
21.4,desg,13251390612.108862,115115.427816431,50.0,ab,1.3362844927858788
21.5,desg,13130324828.611145,114587.73451595094,50.0,ab,1.3462494571423065
21.6,desg,13009891070.727081,114060.9371515154,50.0,ab,1.3562539817347563
21.700000000000003,desg,12890405924.992691,113535.35029357491,50.0,ab,1.3662716482503434
21.800000000000004,desg,12771479872.852982,113011.2943314944,50.0,ab,1.3763350742915748
21.9,desg,12653714680.388845,112489.09557037007,50.0,ab,1.3863930384294463
22.0,desg,12537011633.361336,111969.08632001269,50.0,ab,1.396453060383383
22.1,desg,12421422459.833838,111451.60497520286,50.0,ab,1.4065098009131027
22.200000000000003,desg,12306888173.7574,110936.03569948721,50.0,ab,1.4165674964974784
22.300000000000004,desg,12193084809.996103,110421.60189750846,50.0,ab,1.4266541460636226
22.4,desg,12079853820.5269,109908.4068366976,50.0,ab,1.4367839353259093
22.5,desg,11967301413.580015,109396.55568241616,50.0,ab,1.446947558784629
22.6,desg,11856173227.709967,108886.15553020142,50.0,ab,1.4570767923840258
22.700000000000003,desg,11745569769.432741,108377.31543752716,50.0,ab,1.467252910149078
22.800000000000004,desg,11635962761.689688,107870.1464549886,50.0,ab,1.4774323257340072
22.9,desg,11527138849.946644,107364.7616568118,50.0,ab,1.4876343213252134
23.0,desg,11419183507.497793,106861.2761705835,50.0,ab,1.4978505020941135
23.1,desg,11312300601.923965,106359.80720608887,50.0,ab,1.5080607897209966
23.200000000000003,desg,11206496303.310032,105860.47408313712,50.0,ab,1.518263502009912
23.300000000000004,desg,11101270431.312029,105363.39825825057,50.0,ab,1.5285064266036095
23.4,desg,10997392406.396034,104868.70335008168,50.0,ab,1.5387138282066282
23.5,desg,10894384236.660124,104376.51516341792,50.0,ab,1.5489314114102832
23.6,desg,10792601062.907305,103886.57579183385,50.0,ab,1.559122822218054
23.700000000000003,desg,10691092223.764942,103398.60830565139,50.0,ab,1.5693829428087476
23.800000000000004,desg,10590961117.92862,102912.71295010619,50.0,ab,1.5795996984285985
23.9,desg,10491700774.37582,102428.99175077977,50.0,ab,1.5898233927190262
24.0,desg,10393269074.270985,101947.54853476901,50.0,ab,1.6000577050099416
24.1,desg,10295813604.839247,101468.48895084049,50.0,ab,1.6102864537431962
24.200000000000003,desg,10199304575.785084,100991.92048845835,50.0,ab,1.6205117298786753
24.300000000000004,desg,10103939311.220108,100517.9524955736,50.0,ab,1.6307113100495485
24.4,desg,10009337957.335323,100046.69619505315,50.0,ab,1.6409247497568344
24.5,desg,9915756234.439896,99578.26469962328,50.0,ab,1.6511235283199248
24.6,desg,9823211557.07305,99112.77302519514,50.0,ab,1.661304389251196
24.700000000000003,desg,9731874514.541372,98650.33810243451,50.0,ab,1.671446881563071
24.800000000000004,desg,9641383525.662552,98191.07878643119,50.0,ab,1.681589734887428
24.9,desg,9552031186.477346,97735.11586431913,50.0,ab,1.6916988032250089
25.0,desg,9463818793.542791,97282.14509185198,50.0,ab,1.7017720921742452
25.1,desg,9376314859.072853,96831.87804533745,50.0,ab,1.7118576759207507
25.200000000000003,desg,9289788211.166742,96384.46257023013,50.0,ab,1.7219235998959093
25.300000000000004,desg,9204401095.005259,95940.04902418198,50.0,ab,1.7319492939821082
25.4,desg,9119982601.186316,95498.79028979127,50.0,ab,1.7419531080300246
25.5,desg,9036447961.72832,95060.84178409466,50.0,ab,1.751943752617212
25.6,desg,8953964327.175692,94626.3614645477,50.0,ab,1.7618997329937258
25.700000000000003,desg,8872714687.993708,94195.50983122575,50.0,ab,1.771796841216137
25.800000000000004,desg,8792522833.38883,93768.4499249719,50.0,ab,1.7816543704848122
25.9,desg,8713323002.037655,93345.34732120739,50.0,ab,1.791478598553038
26.0,desg,8635241309.345072,92926.37011911366,50.0,ab,1.8012519367500346
26.1,desg,8558352037.043477,92511.68892588811,50.0,ab,1.8109627658388128
26.200000000000003,desg,8482549502.953431,92101.47683576823,50.0,ab,1.820622125506354
26.300000000000004,desg,8408183037.7393265,91695.90940351516,50.0,ab,1.8301827393204029
26.4,desg,8335279287.486468,91296.08708178092,50.0,ab,1.8396377420912238
26.5,desg,8263547393.088082,90902.67625500985,50.0,ab,1.8490218270164611
26.6,desg,8192990426.676546,90515.19600228431,50.0,ab,1.858332014028825
26.700000000000003,desg,8124104781.525776,90133.15589630623,50.0,ab,1.8674993421968118
26.800000000000004,desg,8056089285.795752,89756.05610858867,50.0,ab,1.8766274553536633
26.9,desg,7989443996.196662,89383.38749851708,50.0,ab,1.8856467404883048
27.0,desg,7923594409.16479,89014.63168384696,50.0,ab,1.8946325403062723
27.1,desg,7858676728.668115,88649.26109014115,50.0,ab,1.9035645720711827
27.200000000000003,desg,7794405009.371786,88286.73897657907,50.0,ab,1.9124807108755029
27.300000000000004,desg,7731038815.562249,87926.51943549214,50.0,ab,1.921343498126923
27.4,desg,7668027733.235949,87568.04736289041,50.0,ab,1.9302289451759833
27.5,desg,7605703358.281259,87210.75839713922,50.0,ab,1.9390896754706013
27.6,desg,7543668087.521356,86854.07882282553,50.0,ab,1.9479817032554259
27.700000000000003,desg,7481777196.5915365,86497.4254367082,50.0,ab,1.9569262050388794
27.800000000000004,desg,7420493417.026715,86142.50666482943,50.0,ab,1.9658561721635337
27.9,desg,7360072414.337102,85791.20338457439,50.0,ab,1.9747329142739076
28.0,desg,7300524819.020544,85443.17941627427,50.0,ab,1.98355292817363
28.1,desg,7241575694.1771555,85098.09267444209,50.0,ab,1.9923554460219393
28.200000000000003,desg,7183515498.657545,84755.59517185517,50.0,ab,2.001095549762134
28.300000000000004,desg,7126025575.76752,84415.33301271222,50.0,ab,2.009819690697853
28.4,desg,7068886192.853773,84076.9463737005,50.0,ab,2.018560658283743
28.5,desg,7012277857.409426,83740.06947176182,50.0,ab,2.0272903414509678
28.6,desg,6956218455.390005,83404.330517296,50.0,ab,2.036005101838196
28.700000000000003,desg,6900508743.716396,83069.35165148303,50.0,ab,2.0447353562405937
28.800000000000004,desg,6845003630.76077,82734.74886634243,50.0,ab,2.05350392544317
28.9,desg,6789837761.2497225,82400.1319060744,50.0,ab,2.06228963946808
29.0,desg,6734765274.180024,82065.10414814524,50.0,ab,2.0711319727231263
29.1,desg,6679776358.934999,81729.26246248794,50.0,ab,2.0800333265205637
29.200000000000003,desg,6624781601.193198,81393.02835408073,50.0,ab,2.0890092188129366
29.300000000000004,desg,6570154925.477092,81057.14980552446,50.0,ab,2.0979991064566548
29.4,desg,6515923753.34457,80721.70944152754,50.0,ab,2.1069981481922007
29.5,desg,6461920116.589562,80386.79125956398,50.0,ab,2.1160341702977554
29.6,desg,6408310706.697171,80052.48065358898,50.0,ab,2.1250792316753007
29.700000000000003,desg,6354914824.629681,79718.86443731505,50.0,ab,2.1341637973960523
29.800000000000004,desg,6302038630.478947,79386.0308669798,50.0,ab,2.143235480017001
29.9,desg,6249537946.761643,79054.06966353123,50.0,ab,2.1523183589956005
30.0,desg,6197322341.195617,78723.07203415147,50.0,ab,2.1614279183028167
30.1,desg,6145420532.947697,78393.1306930356,50.0,ab,2.170559114671388
30.200000000000003,desg,6093942557.572164,78064.33988133736,50.0,ab,2.179692242069379
30.300000000000004,desg,6042897365.905917,77736.79538618795,50.0,ab,2.1888250871599304
30.4,desg,5992446964.727784,77410.59455868861,50.0,ab,2.1979276348620793
30.5,desg,5942216140.410154,77085.8363307739,50.0,ab,2.207067020885379
30.6,desg,5892432154.836313,76762.27752681563,50.0,ab,2.216201655568412
30.700000000000003,desg,5843033944.804946,76439.65843412427,50.0,ab,2.225342109197342
30.800000000000004,desg,5794003552.8212185,76118.05530576187,50.0,ab,2.234491239588497
30.9,desg,5745247848.5493765,75797.54565004862,50.0,ab,2.2436662105616314
31.0,desg,5696840704.818969,75478.20824646755,50.0,ab,2.25285294283265
31.1,desg,5648961619.986862,75160.12316088766,50.0,ab,2.2620165723318557
31.200000000000003,desg,5601453306.154093,74843.37176003128,50.0,ab,2.2711863324338744
31.300000000000004,desg,5554212071.218928,74528.0367251109,50.0,ab,2.280381987555714
31.4,desg,5507655451.728344,74214.20206455432,50.0,ab,2.289521222990121
31.5,desg,5461515076.77417,73901.95312573493,50.0,ab,2.2986552903148905
31.6,desg,5415657573.972444,73591.37660561838,50.0,ab,2.3078101410541443
31.700000000000003,desg,5370312730.146474,73282.5605602344,50.0,ab,2.316939190607009
31.800000000000004,desg,5325364295.854797,72975.594412877,50.0,ab,2.326064826999822
31.9,desg,5280912718.65687,72670.56896093408,50.0,ab,2.3351656583730787
32.0,desg,5237092876.637345,72367.45730237887,50.0,ab,2.3442124427282955
32.1,desg,5193559892.620855,72066.17119558346,50.0,ab,2.353275271743648
32.2,desg,5150402077.048052,71766.71035574582,50.0,ab,2.362335296311585
32.300000000000004,desg,5107803575.513965,71469.07435342824,50.0,ab,2.3713526630533472
32.4,desg,5065649126.844217,71173.26261162451,50.0,ab,2.380350370005143
32.5,desg,5023781751.412671,70879.2744028101,50.0,ab,2.389361222404876
32.6,desg,4982413268.671864,70587.10884597637,50.0,ab,2.398338763870381
32.7,desg,4941595967.5634,70296.7649036495,50.0,ab,2.407270047676935
32.800000000000004,desg,4901016617.053092,70008.24137889557,50.0,ab,2.4162226950088943
32.9,desg,4861073876.707654,69721.53691231314,50.0,ab,2.4251075791121828
33.0,desg,4821320159.55625,69436.64997901376,50.0,ab,2.4340232031528437
33.1,desg,4782285781.189036,69153.57888559283,50.0,ab,2.4428493194000254
33.2,desg,4743386816.574517,68872.32176709054,50.0,ab,2.451716777007757
33.300000000000004,desg,4704832005.238691,68592.87658394573,50.0,ab,2.460577830646482
33.4,desg,4667105876.904035,68315.37461248372,50.0,ab,2.469318999262679
33.5,desg,4629513440.016616,68039.94312362952,50.0,ab,2.478099759413393
33.6,desg,4592337280.317908,67766.57369485796,50.0,ab,2.486853690141732
33.7,desg,4555446533.208476,67495.25757768127,50.0,ab,2.495610748180656
33.800000000000004,desg,4519256746.592848,67225.98569369939,50.0,ab,2.504270594935946
33.9,desg,4483492610.158958,66958.74863069318,50.0,ab,2.5128969868274247
34.0,desg,4448054828.392751,66693.53663876372,50.0,ab,2.521512802810605
34.1,desg,4413119450.695632,66430.3396265193,50.0,ab,2.530073925687642
34.2,desg,4378290976.904835,66169.14715731234,50.0,ab,2.5386765800837985
34.300000000000004,desg,4344103442.472992,65909.94844552767,50.0,ab,2.547187737039213
34.4,desg,4310131838.130116,65652.73235292519,50.0,ab,2.5557117461571224
34.5,desg,4276788464.199048,65397.48738503741,50.0,ab,2.5641437075460196
34.6,desg,4243854026.7085185,65144.201687624955,50.0,ab,2.5725370392188616
34.7,desg,4211031354.4102383,64892.86304319036,50.0,ab,2.5809669447869723
34.800000000000004,desg,4178670868.8295445,64643.61710207414,50.0,ab,2.5893427188271154
34.9,desg,4146921044.727154,64396.61357478458,50.0,ab,2.597623715779612
35.0,desg,4115449307.24299,64151.845809262646,50.0,ab,2.6058949911193743
35.1,desg,4084415884.5578446,63909.306816432436,50.0,ab,2.614113241212859
35.2,desg,4053805344.9332037,63668.98926617326,50.0,ab,2.622280905107356
35.300000000000004,desg,4023412714.0077205,63430.8854833705,50.0,ab,2.630451672628677
35.4,desg,3993704361.048646,63194.987444048944,50.0,ab,2.638498351186577
35.5,desg,3964044396.9853086,62961.28677159241,50.0,ab,2.6465918577586827
35.6,desg,3935029500.176077,62729.7747330527,50.0,ab,2.654568151191583
35.7,desg,3906337926.877468,62500.442235551425,50.0,ab,2.6625136069336754
35.800000000000004,desg,3877794038.543005,62273.279822778524,50.0,ab,2.6704762858899045
35.9,desg,3850075126.0992537,62048.27767159016,50.0,ab,2.6782651226889165
36.0,desg,3822403883.372595,61825.425588709135,50.0,ab,2.686096698450779
36.1,desg,3795103701.571864,61604.71300753162,50.0,ab,2.693879013690129
36.2,desg,3768353572.831117,61386.34439427088,50.0,ab,2.7015590212056892
36.300000000000004,desg,3741807106.1101847,61170.50938912403,50.0,ab,2.7092346439520085
36.4,desg,3715804995.5179768,60957.17431619292,50.0,ab,2.7168058468751575
36.5,desg,3690027502.733565,60746.30471507906,50.0,ab,2.724364124818134
36.6,desg,3664873952.9133515,60537.865341191195,50.0,ab,2.7317905264792124
36.7,desg,3639942955.2986684,60331.82016633818,50.0,ab,2.739201688777193
36.800000000000004,desg,3615378344.7618065,60128.132379598326,50.0,ab,2.7465537515801834
36.9,desg,3591211855.849933,59926.764388454605,50.0,ab,2.7538355671339936
37.0,desg,3567392983.659457,59727.677820183846,50.0,ab,2.7610607479924454
37.1,desg,3543899330.2699933,59530.83352348801,50.0,ab,2.7682346909956586
37.2,desg,3520762638.9368153,59336.19157035435,50.0,ab,2.775346265012555
37.300000000000004,desg,3497961091.8867207,59143.711258130264,50.0,ab,2.78240069633058
37.4,desg,3475449293.10135,58953.351111797536,50.0,ab,2.7894107412106557
37.5,desg,3453266104.2882795,58765.06888643059,50.0,ab,2.7963630179732952
37.6,desg,3431467835.68298,58579.255738753185,50.0,ab,2.8032383013808335
37.7,desg,3410063006.965225,58396.26432707402,50.0,ab,2.810032123950325
37.800000000000004,desg,3389065812.444712,58215.99282679903,50.0,ab,2.816738126254119
37.9,desg,3368443899.5907946,58038.33775611387,50.0,ab,2.8233648357540524
38.00000000000001,desg,3348165450.8222275,57863.19399787085,50.0,ab,2.8299208558389353
38.1,desg,3328236093.430894,57690.45482111081,50.0,ab,2.8364028174114218
38.199999999999996,desg,3308443325.116977,57520.01190208637,50.0,ab,2.842878883982621
38.300000000000004,desg,3289155323.4353347,57351.75534465418,50.0,ab,2.8492271759962406
38.4,desg,3270153401.750912,57185.57369989922,50.0,ab,2.8555178181694316
38.50000000000001,desg,3251415208.4557776,57021.353984853835,50.0,ab,2.8617570504998433
38.6,desg,3232972372.730798,56858.98170017222,50.0,ab,2.8679331490778246
38.699999999999996,desg,3214601783.1698627,56698.340846619016,50.0,ab,2.8741201793253026
38.800000000000004,desg,3196714655.8757224,56539.31394022963,50.0,ab,2.8801784521544853
38.9,desg,3178848925.231384,56381.78202599786,50.0,ab,2.88626341111096
39.00000000000001,desg,3161363278.4675617,56226.33815421082,50.0,ab,2.8922521216708326
39.1,desg,3144291151.918529,56073.55309518395,50.0,ab,2.8981312485344013
39.199999999999996,desg,3127318323.381293,55923.27183558275,50.0,ab,2.9040079089042656
39.300000000000004,desg,3110773654.2764735,55775.33733985828,50.0,ab,2.9097671020761346
39.4,desg,3094589031.775769,55629.590591366374,50.0,ab,2.915430677710237
39.50000000000001,desg,3078685988.9094477,55485.87063090691,50.0,ab,2.921024644460015
39.6,desg,3062877676.365578,55344.01459240369,50.0,ab,2.9266140012121546
39.699999999999996,desg,3047406042.6585183,55203.85773544743,50.0,ab,2.9321123215961613
39.800000000000004,desg,3032146252.808478,55065.233474423934,50.0,ab,2.9375627693614597
39.9,desg,3017090434.549755,54927.97340395152,50.0,ab,2.942967312636565
40.00000000000001,desg,3002238230.1779666,54791.90732034959,50.0,ab,2.9483252552345576
40.1,desg,2987379651.339951,54656.863238861944,50.0,ab,2.953712086384048
40.199999999999996,desg,2972726515.276949,54522.667406354434,50.0,ab,2.9590507404101807
40.300000000000004,desg,2958128406.2533517,54389.144309207055,50.0,ab,2.9643955777753597
40.4,desg,2943731574.296072,54256.68610788637,50.0,ab,2.9696926172666593
40.50000000000001,desg,2929561188.199166,54125.77542460637,50.0,ab,2.974931699224893
40.6,desg,2915637235.9979525,53996.37072118981,50.0,ab,2.980104412455919
40.699999999999996,desg,2901856554.3121157,53868.4299316605,50.0,ab,2.985248281468291
40.800000000000004,desg,2888266059.677427,53741.91046751005,50.0,ab,2.9903451404286336
40.9,desg,2874710694.4928493,53616.76922292037,50.0,ab,2.9954527709187673
41.00000000000001,desg,2861493355.674923,53492.96257992352,50.0,ab,3.000456277961735
41.1,desg,2848321657.5184216,53370.44641348098,50.0,ab,3.0054655523083085
41.199999999999996,desg,2835325323.2629066,53249.176096463,50.0,ab,3.0104308906803574
41.300000000000004,desg,2822700827.009445,53129.10650450956,50.0,ab,3.0152760062849104
41.4,desg,2810034225.3054533,53010.192020754046,50.0,ab,3.0201591087618738
41.50000000000001,desg,2797460423.167796,52892.38654038963,50.0,ab,3.025028254770451
41.6,desg,2785287973.9737334,52775.64347505993,50.0,ab,3.0297628724868773
41.699999999999996,desg,2773045520.1803727,52659.9157570531,50.0,ab,3.034545635819331
41.800000000000004,desg,2760868946.0350995,52545.3876554366,50.0,ab,3.0393236528328735
41.9,desg,2749099263.45035,52432.25156198744,50.0,ab,3.043962078845741
42.00000000000001,desg,2737367879.8869433,52320.47192400086,50.0,ab,3.0486052151102108
42.1,desg,2725922886.139461,52210.012776707554,50.0,ab,3.05315421782117
42.199999999999996,desg,2714393460.261594,52100.837748091006,50.0,ab,3.0577561317684605
42.300000000000004,desg,2703201572.9448786,51992.91006367061,50.0,ab,3.0622420538320725
42.4,desg,2692189409.5769463,51886.19255123695,50.0,ab,3.0666741037437895
42.50000000000001,desg,2681178437.6145434,51780.6476455264,50.0,ab,3.071123837312264
42.6,desg,2670474984.0759635,51676.23739282176,50.0,ab,3.075466847444787
42.699999999999996,desg,2659792041.4977007,51572.92345546578,50.0,ab,3.0798189269954683
42.800000000000004,desg,2649110630.407146,51470.66711627423,50.0,ab,3.084187894032322
42.9,desg,2638680771.059971,51369.429282834906,50.0,ab,3.0884710019424375
43.00000000000001,desg,2628473119.549312,51269.17049167932,50.0,ab,3.0926792825113125
43.1,desg,2618337249.817415,51169.85091231351,50.0,ab,3.0968741718439468
43.199999999999996,desg,2608292786.8012195,51071.627802853975,50.0,ab,3.101047281669377
43.300000000000004,desg,2598364693.8861113,50974.664405668955,50.0,ab,3.1051878663060073
43.4,desg,2588610278.6108794,50878.92934556729,50.0,ab,3.109271454278364
43.50000000000001,desg,2579115319.190555,50784.39092010519,50.0,ab,3.1132612299005267
43.6,desg,2569581000.6974497,50691.01710407807,50.0,ab,3.1172823513514913
43.699999999999996,desg,2560201169.2379136,50598.77555397661,50.0,ab,3.1212529035592276
43.800000000000004,desg,2550986282.0380683,50507.633612397796,50.0,ab,3.125167824540327
43.9,desg,2541911122.825767,50417.55831240075,50.0,ab,3.1290372287581256
44.00000000000001,desg,2532869696.512311,50328.516381797956,50.0,ab,3.1329060123085526
44.1,desg,2524101866.503417,50240.47424737143,50.0,ab,3.1366709375797797
44.199999999999996,desg,2515352340.0905905,50153.39803900474,50.0,ab,3.140441062977004
44.300000000000004,desg,2506652030.3183765,50067.253593720525,50.0,ab,3.1442030074382394
44.4,desg,2498222996.092663,49982.006459613774,50.0,ab,3.1478601282392162
44.50000000000001,desg,2489809816.091958,49897.62189967133,50.0,ab,3.1515226954796525
44.6,desg,2481374386.885445,49814.23456530117,50.0,ab,3.155207394862561
44.699999999999996,desg,2473119835.083341,49731.984334332774,50.0,ab,3.158825230967146
44.800000000000004,desg,2465203128.764053,49650.84390445856,50.0,ab,3.1623063568876724
44.9,desg,2457267058.418986,49570.7857188339,50.0,ab,3.1658072359320997
45.00000000000001,desg,2449388445.8175282,49491.78197009234,50.0,ab,3.1692939703437055
45.1,desg,2441751634.5574617,49413.80460432773,50.0,ab,3.17268441472908
45.199999999999996,desg,2434094657.493528,49336.82532503525,50.0,ab,3.1760944746667263
45.300000000000004,desg,2426612554.931632,49260.81559700538,50.0,ab,3.17943703191213
45.4,desg,2419195603.8631263,49185.74665016274,50.0,ab,3.182760670953794
45.50000000000001,desg,2411836122.7305713,49111.58948334345,50.0,ab,3.1860686439695662
45.6,desg,2404665201.375024,49038.31486800366,50.0,ab,3.189301585960397
45.699999999999996,desg,2397645187.729257,48965.893351852355,50.0,ab,3.192475844925152
45.800000000000004,desg,2390574111.0698495,48894.29526240161,50.0,ab,3.1956826026100664
45.9,desg,2383724838.053922,48823.49071042737,50.0,ab,3.198797828058094
46.00000000000001,desg,2376911463.0141344,48753.753953843414,50.0,ab,3.2019056197650286
46.1,desg,2370346004.8094263,48685.31523756136,50.0,ab,3.204908768537461
46.199999999999996,desg,2363631252.498369,48618.078008555305,50.0,ab,3.2079888232918776
46.300000000000004,desg,2357269637.0557365,48551.94508478478,50.0,ab,3.210914976816035
46.4,desg,2351042657.0473022,48486.81867393453,50.0,ab,3.213786860056164
46.50000000000001,desg,2344645411.7486763,48422.60039055561,50.0,ab,3.216745201848404
46.6,desg,2338546528.9673514,48359.19127154177,50.0,ab,3.219573094307872
46.699999999999996,desg,2332575841.5965114,48296.49178987749,50.0,ab,3.2223486991677
46.800000000000004,desg,2326519578.3760676,48234.40186659496,50.0,ab,3.225171353504983
46.9,desg,2320633050.910419,48172.820880879604,50.0,ab,3.2279219493721207
47.00000000000001,desg,2314704786.069372,48111.647678264,50.0,ab,3.2306991084509207
47.1,desg,2308865128.923789,48050.78057685219,50.0,ab,3.2334417210530084
47.199999999999996,desg,2302979179.958534,47990.117371515036,50.0,ab,3.2362131031434274
47.300000000000004,desg,2297144033.8276896,47929.55533600026,50.0,ab,3.238967565368835
47.4,desg,2291447142.3746076,47869.39350171825,50.0,ab,3.2416635233418596
47.50000000000001,desg,2285777701.5037036,47809.95745482333,50.0,ab,3.244353153225518
47.6,desg,2280096021.899551,47751.18364935916,50.0,ab,3.2470552903444414
47.699999999999996,desg,2274590109.438979,47693.00819669358,50.0,ab,3.249680266572522
47.800000000000004,desg,2269030188.8731065,47635.366871855724,50.0,ab,3.2523374472657345
47.9,desg,2263663368.547789,47578.19511912112,50.0,ab,3.2549085250501797
48.00000000000001,desg,2258226202.7339134,47521.428056820834,50.0,ab,3.2575195267242982
48.1,desg,2252920863.086502,47465.00048135163,50.0,ab,3.260073290503364
48.199999999999996,desg,2247585077.9739027,47408.84687036382,50.0,ab,3.26264778229066
48.300000000000004,desg,2242229779.1042266,47352.901385104036,50.0,ab,3.2652378421539687
48.4,desg,2236982864.1709194,47297.09787189027,50.0,ab,3.267781489248083
48.50000000000001,desg,2231707293.263919,47241.369862696025,50.0,ab,3.270345050736463
48.6,desg,2226461899.9869356,47185.65057482132,50.0,ab,3.272899963199464
48.699999999999996,desg,2221082779.6738114,47129.87290962644,50.0,ab,3.2755262700460896
48.800000000000004,desg,2215890417.729612,47074.148657208956,50.0,ab,3.2780674338862603
48.9,desg,2210687755.1106644,47018.63155115798,50.0,ab,3.2806196182358818
49.00000000000001,desg,2205564978.4253716,46963.317152141884,50.0,ab,3.283138489752698
49.1,desg,2200378383.4144797,46908.200997222935,50.0,ab,3.285694708079383
49.199999999999996,desg,2195118207.4998703,46853.27859990862,50.0,ab,3.2882933524155327
49.300000000000004,desg,2190157449.036962,46798.545450201076,50.0,ab,3.2907497897232787
49.4,desg,2185000810.071676,46743.99701464363,50.0,ab,3.2933091267256884
49.50000000000001,desg,2179982576.013591,46689.62873636493,50.0,ab,3.2958055764572585
49.6,desg,2174780572.1940837,46635.43603512011,50.0,ab,3.2983995207790997
49.699999999999996,desg,2169742716.7447515,46581.41430732948,50.0,ab,3.30091753444529
49.800000000000004,desg,2164729137.2873282,46527.55892611381,50.0,ab,3.3034292255316586
49.9,desg,2159826182.188894,46473.86524132711,50.0,ab,3.305891128663081
50.00000000000001,desg,2154837902.1465464,46420.328579585635,50.0,ab,3.308401617799017
50.1,desg,2149796550.31291,46366.94424429426,50.0,ab,3.3109447283788533
50.199999999999996,desg,2144951911.2780957,46313.72964052941,50.0,ab,3.313394232594149
50.300000000000004,desg,2139967427.6135318,46260.702978365465,50.0,ab,3.315920224982655
50.4,desg,2135146058.581049,46207.860737517505,50.0,ab,3.318369159801012
50.50000000000001,desg,2130239471.373182,46155.199379340236,50.0,ab,3.320867063770418
50.6,desg,2125466540.340655,46102.715346863115,50.0,ab,3.323302451075527
50.70000000000001,desg,2120658333.364542,46050.40506482379,50.0,ab,3.32576137387246
50.800000000000004,desg,2115751752.663088,45998.26493970016,50.0,ab,3.328276359241187
50.9,desg,2111047949.4613566,45946.29135974099,50.0,ab,3.330692888012063
51.00000000000001,desg,2106313524.7722533,45894.4806949948,50.0,ab,3.3331305915309173
51.1,desg,2101501338.8133097,45842.82929733716,50.0,ab,3.3356139549710164
51.20000000000001,desg,2096832300.8578384,45791.3335004961,50.0,ab,3.3380288872154082
51.300000000000004,desg,2092124779.7126474,45739.98962007602,50.0,ab,3.3404691739957784
51.4,desg,2087454857.7598474,45688.79395357934,50.0,ab,3.3428954014575147
51.50000000000001,desg,2082812936.5343466,45637.74278042655,50.0,ab,3.3453124663867833
51.6,desg,2078123901.2196665,45586.85020032636,50.0,ab,3.3477595391303403
51.70000000000001,desg,2073551740.7019598,45536.13095172531,50.0,ab,3.3501509408886
51.800000000000004,desg,2069009898.787458,45485.58224782749,50.0,ab,3.3525317113431647
51.9,desg,2064280734.5441072,45435.20128749385,50.0,ab,3.3550162339830436
52.00000000000001,desg,2059792883.434143,45384.98525526636,50.0,ab,3.3573792491987717
52.1,desg,2055231595.1355052,45334.93132139212,50.0,ab,3.3597862131914304
52.20000000000001,desg,2050698745.3677812,45285.036641845974,50.0,ab,3.3621834682322103
52.300000000000004,desg,2046162585.5228162,45235.29835835274,50.0,ab,3.364587784409448
52.4,desg,2041728884.6650553,45185.713598408285,50.0,ab,3.366942950374604
52.50000000000001,desg,2037221257.7747474,45136.279475299816,50.0,ab,3.3693426343784374
52.6,desg,2032783419.6788611,45086.99308812498,50.0,ab,3.3717103581443517
52.70000000000001,desg,2028351201.243412,45037.85152181026,50.0,ab,3.3740802485235477
52.800000000000004,desg,2023979703.5902674,44988.851847127946,50.0,ab,3.3764227497770882
52.9,desg,2019632079.3474345,44939.99112071228,50.0,ab,3.3787574817530874
53.00000000000001,desg,2015179822.3635743,44891.280846386006,50.0,ab,3.3811536175234878
53.1,desg,2010863821.4458916,44842.733025489106,50.0,ab,3.3834814811363962
53.20000000000001,desg,2006584837.2224073,44794.34544183346,50.0,ab,3.38579431708904
53.300000000000004,desg,2002191956.3267584,44746.11586790748,50.0,ab,3.3881738517881885
53.4,desg,1997904246.2740839,44698.042064893845,50.0,ab,3.390501457719072
53.50000000000001,desg,1993618426.2453697,44650.121782687376,50.0,ab,3.3928330349853297
53.6,desg,1989356909.9870799,44602.352759911955,50.0,ab,3.395156365593106
53.70000000000001,desg,1985075781.2373912,44554.73272393748,50.0,ab,3.3974954054710658
53.800000000000004,desg,1980854778.7096891,44507.259390896,50.0,ab,3.399806538722583
53.9,desg,1976713046.7941582,44459.93046569752,50.0,ab,3.402079060701265
54.00000000000001,desg,1972504706.2737532,44412.74364204519,50.0,ab,3.4043930123140242
54.1,desg,1968294148.8699803,44365.69660245011,50.0,ab,3.406713128880817
54.20000000000001,desg,1964116667.846167,44318.787018245246,50.0,ab,3.409019929624602
54.300000000000004,desg,1959997302.7069373,44272.0125495992,50.0,ab,3.4112994482872807
54.4,desg,1955908321.2975645,44225.38269964186,50.0,ab,3.4135668965848502
54.50000000000001,desg,1951801579.7862363,44178.907354561066,50.0,ab,3.415848969562038
54.6,desg,1947669458.1616814,44132.584733926386,50.0,ab,3.418149997412133
54.70000000000001,desg,1943657429.2933044,44086.413048224735,50.0,ab,3.4203888257945287
54.800000000000004,desg,1939518780.6372473,44040.39049887445,50.0,ab,3.422703159290162
54.9,desg,1935430270.6526039,43994.515278238934,50.0,ab,3.424994309394261
55.00000000000001,desg,1931423917.8675177,43948.78556964025,50.0,ab,3.4272441195045893
55.1,desg,1927504221.3955472,43903.19954737247,50.0,ab,3.42944978785669
55.20000000000001,desg,1923489023.0086842,43857.75537671476,50.0,ab,3.431713851988171
55.300000000000004,desg,1919465276.8777835,43812.45121394438,50.0,ab,3.433987482174036
55.4,desg,1915570532.3002055,43767.285206349196,50.0,ab,3.4361927636161695
55.50000000000001,desg,1911643741.8408554,43722.25549224003,50.0,ab,3.4384207340201733
55.6,desg,1907671752.8786187,43677.36020096286,50.0,ab,3.4406790097671767
55.70000000000001,desg,1903773773.26011,43632.597452910486,50.0,ab,3.4428997835096915
55.800000000000004,desg,1899867371.9136326,43587.99792826917,50.0,ab,3.4451299217911426
55.9,desg,1895995140.502197,43543.58570139652,50.0,ab,3.4473450827887895
56.00000000000001,desg,1892113673.195202,43499.348939290445,50.0,ab,3.4495700722306957
56.1,desg,1888317271.7502031,43455.2757585415,50.0,ab,3.4517507187983796
56.20000000000001,desg,1884506043.3732092,43411.35422553977,50.0,ab,3.45394429623121
56.300000000000004,desg,1880682701.7262733,43367.57235665368,50.0,ab,3.456149307537178
56.4,desg,1876952730.8203802,43323.91811837908,50.0,ab,3.4583047938040288
56.50000000000001,desg,1873100349.607649,43280.37942745862,50.0,ab,3.460535520217139
56.6,desg,1869431667.606602,43236.94415097022,50.0,ab,3.4626641444372233
56.70000000000001,desg,1865610955.9633758,43193.60010638437,50.0,ab,3.464885423723164
56.800000000000004,desg,1861875602.3943157,43150.335061589,50.0,ab,3.4670614798411847
56.9,desg,1858216896.6256456,43107.13673488172,50.0,ab,3.469197120606804
57.00000000000001,desg,1854484142.0309684,43063.99279492842,50.0,ab,3.4713803226100275
57.1,desg,1850735775.187331,43020.89086068765,50.0,ab,3.4735770823544634
57.20000000000001,desg,1847129636.8137991,42978.012360190995,50.0,ab,3.4756946911889877
57.300000000000004,desg,1843407652.6572766,42935.4977847377,50.0,ab,3.477884667339012
57.4,desg,1839735595.6390889,42893.273084318316,50.0,ab,3.480049604352203
57.50000000000001,desg,1836195821.7769551,42851.26391004176,50.0,ab,3.482140645446446
57.6,desg,1832645665.5620987,42809.39561704757,50.0,ab,3.484241872414895
57.70000000000001,desg,1829012531.6831114,42767.59326615994,50.0,ab,3.486396429760841
57.800000000000004,desg,1825472095.954727,42725.78162425688,50.0,ab,3.488500135670268
57.9,desg,1821860621.4224339,42683.88516332757,50.0,ab,3.49065026028876
58.00000000000001,desg,1818324310.738701,42641.828058190506,50.0,ab,3.4927597694593047
58.1,desg,1814666857.8296714,42599.534182845025,50.0,ab,3.494945863615797
58.20000000000001,desg,1811091201.904776,42556.92710542758,50.0,ab,3.497087330469359
58.300000000000004,desg,1807357994.7302814,42513.93008174405,50.0,ab,3.499327671238067
58.4,desg,1803669039.7974598,42470.46604734711,50.0,ab,3.501546005957419
58.50000000000001,desg,1800048477.404974,42426.457608127625,50.0,ab,3.503727629225587
58.6,desg,1796194159.2894576,42382.02982530981,50.0,ab,3.5060549328854016
58.70000000000001,desg,1792405634.801125,42337.35510405383,50.0,ab,3.5083473811737313
58.800000000000004,desg,1788651907.4615119,42292.42678824478,50.0,ab,3.510623557481992
58.9,desg,1784870262.8296113,42247.23818896595,50.0,ab,3.512921497624742
59.00000000000001,desg,1780964187.038087,42201.78258391665,50.0,ab,3.5153001664391894
59.1,desg,1777122392.5331101,42156.053216813154,50.0,ab,3.517644784487665
59.20000000000001,desg,1773260170.8852816,42110.043296771204,50.0,ab,3.520006983745386
59.300000000000004,desg,1769341366.8867536,42063.74599767064,50.0,ab,3.522409054128218
59.4,desg,1765462106.2479546,42017.154457500925,50.0,ab,3.524792131686084
59.50000000000001,desg,1761451216.0308547,41970.261777687905,50.0,ab,3.5272615831306773
59.6,desg,1757505549.7218285,41923.06102240058,50.0,ab,3.529696369826887
59.70000000000001,desg,1753484112.3216443,41875.54521783803,50.0,ab,3.5321835443902962
59.800000000000004,desg,1749471961.7089696,41827.70735149568,50.0,ab,3.5346706661194496
59.9,desg,1745543503.0963097,41779.54037141046,50.0,ab,3.5371114401783252
60.00000000000001,desg,1741380828.5983894,41731.02933869207,50.0,ab,3.5397037353520098
60.1,desg,1737302418.525724,41682.17021114756,50.0,ab,3.542249571916024
60.20000000000001,desg,1733240888.8686752,41632.97227786512,50.0,ab,3.544790817719882
60.300000000000004,desg,1729102563.1190622,41583.444863458426,50.0,ab,3.547386246102633
60.4,desg,1725005943.4158578,41533.59732902695,50.0,ab,3.5499616431441403
60.50000000000001,desg,1720885560.051125,41483.43907310684,50.0,ab,3.552558156426233
60.6,desg,1716713876.8304853,41432.97953261148,50.0,ab,3.5551933382233223
60.70000000000001,desg,1712486616.6483042,41382.22818376188,50.0,ab,3.5578701672744693
60.800000000000004,desg,1708243346.3879724,41331.194543006466,50.0,ab,3.5605637879700645
60.9,desg,1703947753.05606,41279.88816793009,50.0,ab,3.563297447093632
61.00000000000001,desg,1699754536.444409,41228.31865815184,50.0,ab,3.5659726101987985
61.1,desg,1695483328.5816174,41176.49565621168,50.0,ab,3.5687043230539004
61.20000000000001,desg,1691172342.6222076,41124.42884844496,50.0,ab,3.571468463561139
61.300000000000004,desg,1686915593.4012046,41072.1279658453,50.0,ab,3.5742047506428065
61.4,desg,1682610747.328868,41019.5533449985,50.0,ab,3.5769789861328825
61.50000000000001,desg,1678237693.3697922,40966.66500232985,50.0,ab,3.5798044546251653
61.6,desg,1673891503.1920934,40913.47225319036,50.0,ab,3.5826198703780534
61.70000000000001,desg,1669561497.2407362,40859.98445449462,50.0,ab,3.585432080901679
61.800000000000004,desg,1665029807.0596633,40806.211005678975,50.0,ab,3.5883831010887626
61.9,desg,1660776668.1815372,40752.16134965025,50.0,ab,3.5911600452167747
62.00000000000001,desg,1656325047.5016072,40697.84497372456,50.0,ab,3.594074208880084
62.1,desg,1651886825.3657646,40643.27141055645,50.0,ab,3.596987408840544
62.20000000000001,desg,1647402457.6262345,40588.4502390572,50.0,ab,3.5999388586776924
62.300000000000004,desg,1642891163.2858293,40533.391085302814,50.0,ab,3.6029161483845193
62.4,desg,1638440722.0333154,40478.10362343069,50.0,ab,3.605861298906774
62.50000000000001,desg,1633990276.907596,40422.597576524735,50.0,ab,3.6088144627051015
62.6,desg,1629460179.3868015,40366.88271748894,50.0,ab,3.6118287533244597
62.70000000000001,desg,1624950418.981137,40310.96886990818,50.0,ab,3.614837847065626
62.800000000000004,desg,1620315112.2963223,40254.8163195705,50.0,ab,3.617939426065444
62.9,desg,1615948945.564748,40198.385014355605,50.0,ab,3.62086904372822
63.00000000000001,desg,1611338393.9924023,40141.68434460528,50.0,ab,3.6239712442110807
63.1,desg,1606716180.6365604,40084.72374823408,50.0,ab,3.627090214210714
63.20000000000001,desg,1602185436.3840432,40027.51271168992,50.0,ab,3.6301561831467843
63.300000000000004,desg,1597545290.40533,39970.06077090577,50.0,ab,3.6333051843885897
63.4,desg,1592997161.4849231,39912.37751224102,50.0,ab,3.6364006276569825
63.50000000000001,desg,1588325216.5090296,39854.47257341291,50.0,ab,3.639589555310838
63.6,desg,1583733977.4677513,39796.35564441717,50.0,ab,3.642732547057232
63.70000000000001,desg,1579072928.8080554,39738.03646843761,50.0,ab,3.6459326620788204
63.800000000000004,desg,1574346387.8341217,39679.52484274415,50.0,ab,3.649187402401232
63.9,desg,1569723074.2433095,39620.83061957874,50.0,ab,3.652380526872644
64.0,desg,1565102235.030173,39561.96370702882,50.0,ab,3.6555813534379062
64.1,desg,1560408741.0573401,39502.934069887815,50.0,ab,3.6588421963545095
64.20000000000002,desg,1555757435.121622,39443.70194830564,50.0,ab,3.66208341952348
64.30000000000001,desg,1551130772.565039,39384.22721780014,50.0,ab,3.6653170979968266
64.4,desg,1546436501.1266496,39324.519378812576,50.0,ab,3.6686079026232363
64.5,desg,1541572751.6727407,39264.587985304905,50.0,ab,3.672028069343888
64.6,desg,1536948554.730259,39204.442645723604,50.0,ab,3.675289805297389
64.70000000000002,desg,1532228111.5901816,39144.09302395371,50.0,ab,3.678629567466899
64.80000000000001,desg,1527565258.5667644,39083.54884026226,50.0,ab,3.681938700896211
64.9,desg,1522717417.7439444,39022.8198722311,50.0,ab,3.685389843814079
65.0,desg,1517984472.5446315,38961.91595567801,50.0,ab,3.6887698095545325
65.1,desg,1513261028.9534879,38900.846985566015,50.0,ab,3.692153512963813
65.20000000000002,desg,1508408139.1150842,38839.622916900145,50.0,ab,3.6956409647213206
65.30000000000001,desg,1503735658.9197774,38778.25376561111,50.0,ab,3.699009386233225
65.4,desg,1498906571.2576303,38716.74960942509,50.0,ab,3.7025017236010314
65.5,desg,1494069354.1398008,38655.12058871945,50.0,ab,3.7060112381837307
65.6,desg,1489341965.887937,38593.32695365437,50.0,ab,3.7094520650253457
65.70000000000002,desg,1484679296.052547,38531.32855708947,50.0,ab,3.712856501747922
65.80000000000001,desg,1479848562.73253,38469.13503486821,50.0,ab,3.71639494493564
65.9,desg,1475061728.6127725,38406.75608217452,50.0,ab,3.719912644726076
66.0,desg,1470228742.981163,38344.2014544949,50.0,ab,3.7234758601288576
66.1,desg,1465432361.1614177,38281.480968570024,50.0,ab,3.7270236879213456
66.20000000000002,desg,1460699652.724183,38218.60450333437,50.0,ab,3.7305358174856806
66.30000000000001,desg,1455841572.846638,38155.582000844064,50.0,ab,3.7341528403075337
66.4,desg,1450976289.8220782,38092.4234671918,50.0,ab,3.7377873431271205
66.5,desg,1446145154.649941,38029.13897340856,50.0,ab,3.7414084155115823
66.6,desg,1441322376.5594747,37965.738656351044,50.0,ab,3.7450353097315023
66.70000000000002,desg,1436578851.2329078,37902.23271957452,50.0,ab,3.748614460954254
66.80000000000001,desg,1431737063.3833537,37838.631434190065,50.0,ab,3.7522799633002784
66.9,desg,1426860264.3553326,37774.94513970553,50.0,ab,3.7559845231230895
67.0,desg,1422082998.1536157,37711.13419275051,50.0,ab,3.759625772006334
67.1,desg,1417290900.4008126,37647.15851622863,50.0,ab,3.763290635566367
67.20000000000002,desg,1412473222.3228362,37583.02789896991,50.0,ab,3.7669875744906456
67.30000000000001,desg,1407583938.6373453,37518.752194729546,50.0,ab,3.770752375931611
67.4,desg,1402763263.4734821,37454.341323138025,50.0,ab,3.7744771731283997
67.5,desg,1397994954.7696426,37389.80527063927,50.0,ab,3.7781741223070355
67.6,desg,1393106781.405169,37325.154091415156,50.0,ab,3.7819771167692693
67.70000000000002,desg,1388322495.3813848,37260.397908296334,50.0,ab,3.7857122307383584
67.80000000000001,desg,1383493412.7544632,37195.546913658334,50.0,ab,3.789495393345387
67.9,desg,1378631841.5292268,37130.61137030203,50.0,ab,3.7933173701610308
68.0,desg,1373799500.4863064,37065.601612318,50.0,ab,3.7971297471926597
68.1,desg,1368952857.82046,37000.5280459338,50.0,ab,3.8009669006819493
68.20000000000002,desg,1364180297.983256,36935.40115034291,50.0,ab,3.8047587000388923
68.30000000000001,desg,1359329596.025578,36870.23147851525,50.0,ab,3.808626200806412
68.4,desg,1354626093.6909652,36804.97962488383,50.0,ab,3.812389539984018
68.5,desg,1349758995.4819205,36739.60571164001,50.0,ab,3.8162975562381476
68.6,desg,1344963063.605861,36674.11969122861,50.0,ab,3.820162238574273
68.70000000000002,desg,1340122854.7591484,36608.53158621333,50.0,ab,3.824076597991766
68.80000000000001,desg,1335370375.9195924,36542.851490198685,50.0,ab,3.8279337886631915
68.9,desg,1330626299.5159872,36477.08956873709,50.0,ab,3.8317978752119473
69.0,desg,1325723934.7723403,36411.256060220236,50.0,ab,3.835805389631819
69.1,desg,1320942541.147413,36345.361276754185,50.0,ab,3.8397283152158934
69.20000000000002,desg,1316189070.3612635,36279.41560501673,50.0,ab,3.8436424322798715
69.30000000000001,desg,1311435544.4395037,36213.429507096764,50.0,ab,3.8475707565881834
69.4,desg,1306575283.3178134,36147.41352131411,50.0,ab,3.851602036727126
69.5,desg,1301823159.8098333,36081.37826301912,50.0,ab,3.8555581487729285
69.6,desg,1297117167.7039988,36015.33442537112,50.0,ab,3.8594901140733775
69.70000000000002,desg,1292283897.5954587,35949.292780094205,50.0,ab,3.863543300355648
69.80000000000001,desg,1287531037.3946252,35883.21432207688,50.0,ab,3.867543865019865
69.9,desg,1282813276.4379504,35817.05953464682,50.0,ab,3.871529517526131
70.0,desg,1278086977.85586,35750.83853705143,50.0,ab,3.8755371076715264
70.1,desg,1273400294.764531,35684.56152324372,50.0,ab,3.879525767375977
70.20000000000002,desg,1268558071.9323914,35618.238762751316,50.0,ab,3.8836622497577657
70.30000000000001,desg,1263918718.1370466,35551.880601528064,50.0,ab,3.887640268460192
70.4,desg,1259139067.3396873,35485.49746278611,50.0,ab,3.8917538850047464
70.5,desg,1254473869.1144464,35419.099847808604,50.0,ab,3.8957840842116056
70.6,desg,1249779115.1027832,35352.69833674103,50.0,ab,3.899854975137213
70.70000000000002,desg,1245051498.4963331,35286.30358936066,50.0,ab,3.903969844201125
70.80000000000001,desg,1240418554.5480504,35219.92634582271,50.0,ab,3.908017497721577
70.9,desg,1235771561.5270886,35153.57742738226,50.0,ab,3.9120926407863266
71.0,desg,1231106033.215854,35087.267737090486,50.0,ab,3.9161994834219485
71.1,desg,1226432100.1221802,35021.00826046433,50.0,ab,3.9203293599257236
71.20000000000002,desg,1221843805.2527509,34954.76058464035,50.0,ab,3.92439890427665
71.30000000000001,desg,1217183283.3599536,34888.48574610253,50.0,ab,3.9285481845648356
71.4,desg,1212498147.9206948,34822.19402494001,50.0,ab,3.9327354227845603
71.5,desg,1207965444.2260344,34755.895779635306,50.0,ab,3.936801855574952
71.6,desg,1203391359.947836,34689.60144784822,50.0,ab,3.94092090992012
71.70000000000002,desg,1198699373.2898226,34623.3215471776,50.0,ab,3.94516243684928
71.80000000000001,desg,1194143723.8828025,34557.066675900154,50.0,ab,3.94929663142263
71.9,desg,1189593876.1206455,34490.84751368491,50.0,ab,3.953441332953947
72.0,desg,1185035209.3244586,34424.67482228201,50.0,ab,3.9576099971859335
72.1,desg,1180491845.1696353,34358.55944618501,50.0,ab,3.9617806542161453
72.20000000000002,desg,1175942713.9831288,34292.512313264815,50.0,ab,3.965972718490626
72.30000000000001,desg,1171407373.5989335,34226.54443537457,50.0,ab,3.9701682489396184
72.4,desg,1166819027.9165921,34160.66690892348,50.0,ab,3.9744293755939317
72.5,desg,1162581432.9942071,34096.473297878496,50.0,ab,3.978379675579685
72.6,desg,1158129549.6085737,34032.0403646402,50.0,ab,3.982545275636337
72.70000000000002,desg,1153802568.7864757,33967.48520877072,50.0,ab,3.9866093787160715
72.80000000000001,desg,1149404208.2860842,33902.80713208887,50.0,ab,3.9907561753385075
72.9,desg,1144974841.2033277,33838.00542974091,50.0,ab,3.994948272700487
73.0,desg,1140605398.2518392,33773.07939011089,50.0,ab,3.9990995758178727
73.1,desg,1136158169.8099024,33708.0282947296,50.0,ab,4.0033411432242865
73.20000000000002,desg,1131872223.035855,33642.85141818169,50.0,ab,4.007444627144189
73.30000000000001,desg,1127431519.96233,33577.54802801134,50.0,ab,4.011712701612073
73.4,desg,1123105634.6621287,33512.11738462622,50.0,ab,4.015886617215099
73.5,desg,1118621630.524682,33446.55874119974,50.0,ab,4.020230100209471
73.6,desg,1114252418.2306504,33380.87134357165,50.0,ab,4.024479169279122
73.70000000000002,desg,1109879247.7373488,33315.05443014676,50.0,ab,4.028748804683978
73.80000000000001,desg,1105412379.9005418,33249.10723179196,50.0,ab,4.033127322297286
